voucher;date;diff;line_count;description;lines
A1;2025-02-01;0.00;0;"Occidental Barcelona 1929 (utlägg i dece";""
A161;2025-08-25;0.00;0;"0001250825929664-FACTURE 24018477 PERRET";""
A197;2025-02-01;0.00;0;"Occidental Barcelona 1929 (utlägg i dece";""
A199;2025-01-24;0.00;0;"Meldon";""
A201;2025-01-28;0.00;0;"BANKTJÄNSTER";""
A204;2025-01-29;0.00;0;"internöf-intern öf";""
A205;2025-01-29;1.50;1;"0001250129308159-/1240407 2023.80 CANALS";"6570:1.5"
A206;2025-02-11;0.00;0;"Meldon-Meldon";""
A207;2025-02-11;-4781.00;1;"Meldon-Meldon";"1681:-4781"
A208;2025-02-12;0.00;0;"Meldon-Meldon";""
A209;2025-02-17;-89000.00;1;"Meldon-Meldon";"1681:-89000"
A211;2025-02-19;0.00;0;"meldon-meldon";""
A212;2025-02-20;276815.00;7;"Inbetalning till skattekonto";"2650:262565 1630:-56871 2660:56870 4020:1 1630:152742 1920:-152742 1630:14250"
A213;2025-02-21;0.00;0;"Meldon-Meldon";""
A214;2025-02-24;0.00;0;"Meldon-Meldon";""
A216;2025-01-31;0.00;0;"Alkoholskatt";""
A219;2025-02-28;0.00;0;"0001250228201513-/20241624 4467.90 VIGNO";""
A222;2025-03-04;0.00;0;"meldon-meldon";""
A223;2025-03-04;0.00;0;"0001250304207806-/24007737 3879.12 PERRE";""
A224;2025-03-05;-1.50;1;"0001250304208130-/202500023 3148.45 DOMA";"1920:-1.5"
A226;2025-03-11;0.00;0;"0001250310228625-/2025-V10040 1665.50 PA";""
A228;2025-03-03;-155.00;1;"DINBILAUDIGOT-DIN BIL AUDI GOTEBORG K752";"1920:-155"
A229;2025-02-11;1801.77;2;"Resekostnader";"5800:981.11 5800:820.66"
A230;2025-02-11;-2103.33;16;"resekostnader spanien";"1920:-315.19 5800:315.19 1920:-1790.93 1920:-165.79 5800:165.79 1920:-819.59 5800:819.59 1920:-202.12 5800:202.12 1920:-155.25 1920:-139.43 5800:139.43 5800:341.88 1920:-499.03 1920:-387.73 5800:387.73"
A231;2025-03-12;-117774.00;2;"Inbetalning till skattekonto";"1920:-58866 1630:-58908"
A232;2025-02-04;1867.00;2;"dubbelbetalningar";"1799:1357 1799:510"
A233;2025-02-28;0.00;0;"Periodisering av verifikation A101";""
A234;2025-03-13;0.00;0;"Meldon-Meldon";""
A239;2025-03-17;0.00;0;"Meldon";""
A240;2025-03-18;0.00;0;"0001250318251299-/25000005 2005.28 BRASS";""
A241;2025-03-18;-1.50;1;"0001250318251300-/250008 3968.40 SAS VIN";"1920:-1.5"
A243;2025-03-25;0.00;0;"0001250325275165-/2024-12-0086 1723.50 B";""
A244;2025-03-27;205.00;1;"BANKTJÄNSTER";"6570:205"
A245;2025-03-27;0.00;0;"0001250327283149-/A24 3975.00 COCA I FIT";""
A251;2025-04-01;0.00;0;"0001250401296851-/250021 599.40 MAS FORA";""
A252;2025-03-31;-44491.72;1;"Periodisering av verifikation D35";"1790:-44491.72"
A253;2025-03-31;0.00;0;"Periodisering av verifikation D38";""
A254;2025-03-31;-6318.08;1;"Periodisering av verifikation D37";"1790:-6318.08"
A256;2025-03-31;47331.57;1;"Periodisering av verifikation D25";"4056:47331.57"
A257;2025-03-31;18789.34;1;"Periodisering av verifikation D33";"4056:18789.34"
A258;2025-03-31;0.00;0;"Periodisering av verifikation D32";""
A260;2025-04-04;1.50;1;"0001250404310282-/2025-1/C 1612.50 PAGOS";"6570:1.5"
A261;2025-04-04;0.00;0;"0001250404310281-/253176 1506.35 SAS BOS";""
A262;2025-04-07;-1.50;1;"0001250407313435-/20250059 4437.10 VIGNO";"1920:-1.5"
A265;2025-03-31;11376.00;1;"Lösen TGV";"2960:11376"
A266;2025-03-31;8427.50;1;"Periodisering d22";"5615:8427.5"
A267;2025-04-10;0.00;0;"Meldon-Meldon";""
A268;2025-04-01;-1100.00;1;"FELPARKERINGSAVG-FELPARKERINGSAVG BG 000";"1920:-1100"
A270;2025-04-01;588.60;2;"UtläggOskar-Utlägg Oskar";"2641:63.06 5460:525.54"
A271;2025-04-02;749.00;2;"Kvitton 2/4";"5613:599.2 2641:149.8"
A277;2025-04-11;9.00;3;"skv-skv BG 0000050501055";"1920:-56560 1630:56560 1630:9"
A280;2025-04-25;24500.00;1;"Meldon-Meldon";"1681:24500"
A281;2025-04-28;0.00;0;"BANKTJÄNSTER";""
A282;2025-03-31;-358650.37;5;"Momsrapport_2025-01-01-2025-03-31";"2615:98613.32 2641:-75575.53 2645:-167723.66 2650:-213963 3740:-1.5"
A284;2025-05-06;-1.50;1;"0001250506204237-/20250122 4478.20 VIGNO";"1920:-1.5"
A285;2025-05-08;1.50;1;"0001250508216670-/FA2025-11295 4294.50 B";"6570:1.5"
A286;2025-04-30;83.00;1;"Avskrivningar t.o.m. 2025-04-30";"7830:83"
A288;2025-05-06;-35000.00;1;"Meldon-Meldon";"1681:-35000"
A289;2025-05-12;1.50;1;"0001250512226492-/20250179 4241.56 VIGNO";"6570:1.5"
A292;2025-04-16;-76.00;2;"UtläggCyril-Utlägg Cyril";"1920:-95 2641:19"
A294;2025-05-02;0.00;0;"sj.se-sj.se K7522";""
A295;2025-05-06;59.00;2;"sj.se-sj.se K7522";"2641:3.34 5800:55.66"
A300;2025-06-02;0.00;0;"0001250602289523-/2503678 329.30 JANSEN ";""
A301;2025-06-02;0.00;0;"0001250602289522-/109897 266.85 D DAVIES";""
A302;2025-06-02;0.00;0;"0001250602289521-/250201 120.00 MME VAUV";""
A305;2025-05-31;-27182.05;1;"Periodisering av verifikation D64";"1790:-27182.05"
A306;2025-05-31;0.00;0;"Periodisering av verifikation D75";""
A308;2025-06-10;0.00;0;"0001250610316797-/250061 1371.00 MAS FOR";""
A309;2025-06-18;-1.50;1;"0001250617342943-/20250494 1116.00 VIGNO";"1920:-1.5"
A315;2025-06-11;62259.00;5;"Alkoholskattapr-Alkoholskatt apr BG 0000";"1630:62259 1630:25 8314:-25 1630:-62259 2660:62259"
A319;2025-07-15;1.50;1;"0001250715229515-/2485 2517.60 COMPANIA ";"6570:1.5"
A320;2025-07-28;0.00;0;"BANKTJÄNSTER";""
A321;2025-07-29;0.00;0;"0001250729802514-FACTURE 25900003 SARL B";""
A322;2025-08-04;0.00;0;"0001250801820121-FACTURE 250256 VAUVRECY";""
A328;2025-07-31;1291.00;2;"Avskrivningar t.o.m. 2025-07-31";"7830:1374 1228:-83"
A330;2025-05-26;2800.00;1;"Jysk";"5460:2800"
A331;2025-05-22;0.00;0;"Utlägg Oskar";""
A332;2025-08-11;0.00;0;"Övertrassering SEB";""
A333;2025-06-30;-26883.21;7;"Momsrapport_2025-04-01-2025-06-30";"2611:271297.69 2621:9194.76 2615:114640.7 2625:4308.06 2645:-201368.97 2650:-224954 3740:-1.45"
A334;2025-06-30;0.00;0;"Ombokning D8, elkostnad";""
A337;2025-08-18;0.00;0;"0001250818314696-/25976 972.48 BRASSERIE";""
A339;2025-08-18;0.00;0;"0001250818314697-/202500223 3044.07 DOMA";""
A340;2025-08-18;-1.50;1;"0001250818314698-/20250649 4454.54 VIGNO";"1920:-1.5"
A341;2025-08-18;-1.50;1;"0001250818314695-/FA2025-11357 30.00 BIO";"1920:-1.5"
A343;2025-08-01;0.00;0;"Vändning D145, periiodisering till augua";""
A345;2025-08-20;0.00;0;"Vändning bef kundf";""
A346;2025-07-31;0.00;0;"Punktskatt maj";""
A351;2025-08-25;1.50;1;"0001250825929664-FACTURE 24018477 PERRET";"6570:1.5"
A352;2025-08-25;0.00;0;"0001250825333877-/20250719 7989.20 VIGNO";""
A353;2025-08-26;0.00;0;"0001250826944270-1250091 CANALS NADAL";""
A354;2025-08-18;-277473.00;5;"Skv aug";"1630:-224954 2650:224954 1630:-52519 2660:52519 1920:-277473"
A357;2025-08-25;0.00;0;"0001250825929664-FACTURE 24018477 PERRET";""
A359;2025-09-30;83.00;1;"Avskrivningar t.o.m. 2025-09-30";"7830:83"
A364;2025-09-17;0.00;0;"0001250917657788-FACTURE 20250800 VIGNOB";""
A365;2025-09-18;-1.50;1;"0001250918205268-/26614 1286.88 BRASSERI";"1920:-1.5"
A367;2025-09-22;1.50;1;"0001250922214512-/V20250101 780.00 GENIU";"6570:1.5"
A368;2025-09-22;0.00;0;"0001250922214514-/2025-101/C 1192.50 PAG";""
A369;2025-09-22;0.00;0;"0001250922214513-/250191 1068.00 MAS FOR";""
A370;2025-08-31;0.00;0;"Punktskatt augusti";""
A371;2025-09-03;-2213.10;1;"ClarionHotelStoc-ClarionHotelStockh K752";"1920:-2213.1"
A378;2025-09-25;0.00;0;"0001250925701136-FACTURE 20250871 VIGNOB";""
A380;2025-10-14;0.00;0;"0001251014806395-FACTURE 20250951 VIGNOB";""
A382;2025-10-16;0.00;0;"0001251016290240-/PR/57 2040.00 BODEGA M";""
A383;2025-09-17;127.23;2;"0001250917657788-FACTURE 20250800 VIGNOB";"1920:-45854.74 2999:45981.97"
A384;2025-10-07;20000.00;1;"LånMeldon-Lån Meldon";"1681:20000"
B52;2025-02-11;-1860.00;1;"Kundfaktura Spanska Köket i Göteborg AB ";"3051:-1860"
B58;2025-02-14;2706.00;2;"Kundfaktura Isabelle Restaurang AB (7250";"3051:-10824 1510:13530"
B59;2025-02-14;3366.00;3;"Kundfaktura Le Comptoir Gourmet AB (7251";"2611:-841.5 3740:-0.5 1510:4208"
B61;2025-02-12;0.00;0;"Kreditfaktura Juan Font Vinbar AB (7253)";""
B63;2025-02-19;-10871.31;4;"Kundfaktura Juan Font Vinbar AB (7255)";"3051:-8439 3052:-288 2611:-2109.75 2621:-34.56"
B65;2025-02-21;1463.00;1;"Kundfaktura Bar El Guiri AB (7257)";"1510:1463"
B67;2025-02-21;0.00;0;"Kundfaktura Göteborg city mat och dryck ";""
B68;2025-02-24;1500.00;2;"Kundfaktura Nonna (Sangiovese KB) (7260)";"2611:-375 1510:1875"
B72;2025-02-24;4344.00;6;"Kundfaktura Le Comptoir Gourmet AB (7264";"3002:-528 3052:-336 2611:-1086 2621:-103.68 3740:-0.32 1510:6398"
B73;2025-02-25;936.00;6;"Kundfaktura Le Comptoir Gourmet AB (7265";"3051:-37139 3052:-336 2611:-9284.75 2621:-152.64 3740:0.39 1510:47848"
B75;2025-02-26;15109.00;3;"Kundfaktura Juan Font Vinbar AB (7267)";"2611:-3777.25 3740:0.25 1510:18886"
B76;2025-02-27;0.00;0;"Kundfaktura Isabelle Restaurang AB (7268";""
B85;2025-03-06;-0.32;5;"Kundfaktura Isabelle Restaurang AB (7277";"3051:-9432 3052:-336 2611:-2358 2621:-40.32 1510:12166"
B86;2025-02-28;1812.50;2;"Kundfaktura Maison Caillard (7278)";"3740:-0.5 1510:1813"
B90;2025-03-10;336.00;6;"Kundfaktura Le Comptoir Gourmet AB (7282";"3002:-816 3051:-3804 2621:-138.24 2611:-951 3740:0.24 1510:6045"
B91;2025-03-11;-48048.00;6;"Kundfaktura Le Comptoir Gourmet AB (7283";"3051:-36174 3002:-2191 3052:-336 2611:-9043.5 2621:-303.24 3740:-0.26"
B92;2025-03-12;709.00;2;"Kundfaktura Restaurangbolaget The Golden";"3051:-2835 1510:3544"
B93;2025-03-12;31901.87;3;"Kundfaktura Juan Font Vinbar AB (7285)";"3052:-576 2611:-7958.13 1510:40436"
B94;2025-03-13;4904.00;5;"Kundfaktura Isabelle Restaurang AB (7286";"3052:-336 2611:-1226 2621:-40.32 3740:0.32 1510:6506"
B97;2025-03-18;6126.25;6;"Kundfaktura Le Comptoir Gourmet AB (7290";"3051:-24505 3002:-408 3052:-336 2621:-89.28 3740:-0.47 1510:31465"
B99;2025-03-20;1312.50;2;"Kundfaktura Jespers (7292)";"3740:-0.5 1510:1313"
B101;2025-03-20;-2768.82;4;"Kundfaktura Le Comptoir Gourmet AB (7294";"3051:-1914 3052:-336 2611:-478.5 2621:-40.32"
B102;2025-03-21;-12142.50;2;"Kundfaktura Le Comptoir Gourmet AB (7295";"3051:-9714 2611:-2428.5"
B111;2025-03-25;2925.00;1;"Kundfaktura Bar El Guiri AB (7304)";"1510:2925"
B112;2025-03-25;1752.00;2;"Kundfaktura Spanska Köket i Göteborg AB ";"2611:-438 1510:2190"
B113;2025-03-26;1631.62;4;"Kundfaktura Juan Font Vinbar AB (7306)";"3051:-6250 3052:-576 3740:-0.38 1510:8458"
B116;2025-03-27;6172.50;2;"Kundfaktura Isabelle Restaurang AB (7309";"3740:-0.5 1510:6173"
B120;2025-03-31;-180.03;3;"Kundfaktura Meldon Food AB (7313)";"3002:-108.04 2611:-72 3740:0.01"
B123;2025-04-01;8917.75;5;"Kundfaktura Le Comptoir Gourmet AB (7317";"3051:-28855 3052:-1176 2621:-345.6 3740:0.35 1510:39294"
B124;2025-04-01;-19800.00;2;"Kundfaktura Göteborgs Symfoniker AB (731";"3051:-15840 2611:-3960"
B125;2025-04-03;0.00;0;"Kundfaktura Le Comptoir Gourmet AB (7319";""
B126;2025-04-02;-3930.00;2;"Kundfaktura Isabelle Restaurang AB (7320";"3051:-3144 2611:-786"
B127;2025-04-02;3648.00;2;"Kundfaktura Le Comptoir Gourmet AB (7321";"2611:-912 1510:4560"
B130;2025-04-04;-3264.00;1;"Kundfaktura Le Comptoir Gourmet AB (7324";"3051:-3264"
B131;2025-04-04;330.00;1;"Kundfaktura Juan Font Vinbar AB (7325)";"1510:330"
B132;2025-04-04;2822.40;2;"Kundfaktura Benson & Fredman AB (7326)";"2611:-705.6 1510:3528"
B133;2025-04-07;-9690.00;2;"Kundfaktura Le Comptoir Gourmet AB (7327";"3051:-7752 2611:-1938"
B135;2025-04-09;-31455.00;5;"Kundfaktura Juan Font Vinbar AB (7329)";"3051:-24648 3052:-576 2611:-6162 2621:-69.12 3740:0.12"
B136;2025-04-09;-3264.00;1;"Kundfaktura Le Comptoir Gourmet AB (7330";"3051:-3264"
B137;2025-04-09;1440.00;2;"Kundfaktura Systembolaget AB (7331)";"2611:-360 1510:1800"
B139;2025-04-10;9048.00;5;"Kundfaktura Le Comptoir Gourmet AB (7333";"3002:-2376 2611:-2178 2621:-325.44 3740:0.44 1510:13927"
B141;2025-04-10;-1800.00;2;"Kundfaktura Juan Font Vinbar AB (7335)";"3051:-1440 2611:-360"
B142;2025-04-11;-2724.00;1;"Kundfaktura Table 27 (7336)";"3051:-2724"
B143;2025-04-11;6266.25;2;"Kundfaktura Isabelle Restaurang AB (7337";"3740:0.25 1510:6266"
B145;2025-04-11;0.00;0;"Kundfaktura Juan Font Vinbar AB (7339)";""
B146;2025-04-10;360.00;1;"Kundfaktura Juan Font Vinbar AB (7340)";"1510:360"
B147;2025-04-10;180.00;2;"Kundfaktura Isabelle Restaurang AB (7341";"2611:-45 1510:225"
B150;2025-04-16;-12547.32;5;"Kundfaktura Le Comptoir Gourmet AB (7344";"3051:-8124 3002:-1800 3052:-336 2611:-2031 2621:-256.32"
B151;2025-04-16;14272.50;2;"Kundfaktura Juan Font Vinbar AB (7345)";"3740:-0.5 1510:14273"
B152;2025-04-16;0.00;0;"Kundfaktura GourméGott Nordic AB (7346)";""
B153;2025-04-16;-69.00;2;"Kundfaktura Isabelle Restaurang AB (7347";"2621:-69.12 3740:0.12"
B154;2025-04-10;-576.00;2;"Kreditfaktura Juan Font Vinbar AB (7348)";"2611:144 1510:-720"
B158;2025-04-17;-20977.00;5;"Kundfaktura Benson & Fredman AB (7352)";"3051:-16459 3052:-360 2611:-4114.75 2621:-43.2 3740:-0.05"
B159;2025-04-22;-632.00;2;"Kreditfaktura Juan Font Vinbar AB (7353)";"2611:158 1510:-790"
B160;2025-04-22;34554.00;6;"Kundfaktura Le Comptoir Gourmet AB (7354";"3052:-581 3002:-2640 2611:-8638.5 2621:-386.52 3740:0.02 1510:46800"
B161;2025-04-22;-1019.00;2;"Kundfaktura Gurras SPG AB (7355)";"2611:-1018.75 3740:-0.25"
B163;2025-04-23;5274.00;4;"Kundfaktura Juan Font Vinbar AB (7357)";"2621:-69.12 2611:-1174.5 3740:-0.38 1510:6518"
B164;2025-04-24;7896.00;2;"Kundfaktura Le Comptoir Gourmet AB (7358";"2611:-1974 1510:9870"
B167;2025-04-29;9529.00;4;"Kundfaktura Juan Font Vinbar AB (7361)";"2611:-2310.25 2621:-34.56 3740:-0.19 1510:11874"
B168;2025-04-29;-45547.67;5;"Kundfaktura Le Comptoir Gourmet AB (7362";"3051:-33019 3002:-2640 3052:-1176 2611:-8254.75 2621:-457.92"
B169;2025-04-30;13155.50;3;"Kundfaktura Le Comptoir Gourmet AB (7363";"3052:-336 2611:-2539.5 1510:16031"
B170;2025-04-30;16578.00;3;"Kundfaktura Isabelle Restaurang AB (7364";"2611:-4144.5 3740:-0.5 1510:20723"
B173;2025-04-30;1306.00;1;"Kundfaktura Maison Caillard (7368)";"1510:1306"
B174;2025-05-06;-4950.00;2;"Kundfaktura Gurras SPG AB (7369)";"3051:-3960 2611:-990"
B175;2025-05-06;34.75;4;"Kundfaktura Juan Font Vinbar AB (7370)";"3051:-19605 3052:-288 2611:-4901.25 1510:24829"
B176;2025-05-06;-14517.00;1;"Kundfaktura Table 27 (7371)";"3051:-14517"
B178;2025-05-06;314.00;2;"Kundfaktura Isabelle Restaurang AB (7373";"3051:-1254 1510:1568"
B179;2025-05-08;3456.00;2;"Kundfaktura Le Comptoir Gourmet AB (7374";"2611:-864 1510:4320"
B180;2025-05-08;-2250.00;2;"Kundfaktura Kunkler & Sunkler Kommanditb";"3051:-1800 2611:-450"
B187;2025-05-09;-3592.50;2;"Kundfaktura Juan Font Vinbar AB (7382)";"3051:-2874 2611:-718.5"
B188;2025-05-12;1963.80;3;"Kundfaktura Benson & Fredman AB (7383)";"3051:-6242.4 3740:0.2 1510:8206"
B189;2025-05-13;39278.82;4;"Kundfaktura Le Comptoir Gourmet AB (7384";"3052:-336 3002:-1800 3740:-0.18 1510:41415"
B194;2025-05-15;-735.00;2;"Kundfaktura Linn Engström (7389)";"3051:-588 2611:-147"
B195;2025-05-16;15286.50;3;"Kundfaktura Le Comptoir Gourmet AB (7390";"3002:-240 2611:-3814.5 1510:19341"
B196;2025-05-20;0.00;0;"Kundfaktura Le Comptoir Gourmet AB (7391";""
B197;2025-05-22;828.00;1;"Kreditfaktura Le Comptoir Gourmet AB (73";"3051:828"
B198;2025-05-22;15315.00;1;"Kundfaktura Le Comptoir Gourmet AB (7393";"1510:15315"
B199;2025-05-22;-2741.12;2;"Kundfaktura Juan Font Vinbar AB (7394)";"2611:-2672 2621:-69.12"
B200;2025-05-23;2175.00;1;"Kundfaktura Benson & Fredman AB (7395)";"1510:2175"
B202;2025-05-23;11752.50;2;"Kundfaktura Isabelle Restaurang AB (7396";"3740:-0.5 1510:11753"
B203;2025-01-03;-0.12;5;"Kundfaktura Juan Font Vinbar AB (7188)";"3051:-14196 3052:-576 2611:-3549 2621:-69.12 1510:18390"
B204;2025-05-23;3456.28;2;"Kundfaktura Göteborg City Mat och Dryck ";"2621:-414.72 1510:3871"
B206;2025-05-23;-2118.00;2;"Kundfaktura Le Comptoir Gourmet AB (7398";"3002:-1272 2611:-846"
B209;2025-05-11;42669.72;2;"Kundfaktura Hörnan på Brantevik (7399)";"3740:-0.28 1510:42670"
B210;2025-01-07;-34368.75;2;"Kundfaktura Göteborgs Symfoniker AB (719";"3051:-27495 2611:-6873.75"
B212;2025-01-07;-11330.00;2;"Kundfaktura Le Comptoir Gourmet AB (7197";"3052:-672 2611:-10658"
B215;2025-06-04;8813.75;2;"Kundfaktura Le Comptoir Gourmet AB (7402";"3740:-0.25 1510:8814"
B217;2025-05-28;-12757.50;2;"Kundfaktura Le Comptoir Gourmet AB (7403";"3002:-840 2611:-11917.5"
B220;2025-01-13;-1099.50;1;"Kundfaktura Le Comptoir Gourmet AB (7201";"2611:-1099.5"
B223;2025-06-03;0.00;0;"Kundfaktura Monferrato AB (Sorellina) (7";""
B224;2025-06-04;-10503.00;2;"Kundfaktura Juan Font Vinbar AB (7407)";"3052:-1152 2611:-9351"
B226;2025-05-31;-2062.50;2;"Kundfaktura Maison Caillard (7408)";"3041:-1650 2611:-412.5"
B228;2025-05-31;925.00;2;"Kundfaktura El Toro de Andalucia AB (740";"2621:24 1510:901"
B232;2025-01-17;12468.00;2;"Kundfaktura Le Comptoir Gourmet AB (7207";"2611:-3117 1510:15585"
B233;2025-06-05;-0.40;6;"Kundfaktura Le Comptoir Gourmet AB (7411";"3051:-8136 3002:-528 3052:-792 2611:-2034 2621:-158.4 1510:11648"
B234;2025-01-17;1965.00;1;"Kundfaktura Isabelle Restaurang AB (7208";"1510:1965"
B235;2025-01-20;-2216.00;1;"Kundfaktura Le Comptoir Gourmet AB (7209";"3051:-2216"
B237;2025-01-21;-4364.00;3;"Kundfaktura Le Comptoir Gourmet AB (7210";"2611:-4300.5 2621:-63.36 3740:-0.14"
B238;2025-06-03;25051.40;5;"Kundfaktura Hörnan på Brantevik (7413)";"3052:-360 2611:-5956.85 2621:-190.08 3740:0.33 1510:31558"
B239;2025-01-22;1965.00;1;"Kundfaktura Isabelle Restaurang AB (7211";"1510:1965"
B240;2025-06-10;-9735.25;3;"Kundfaktura Isabelle Restaurang AB (7414";"3051:-9591 2621:-144 3740:-0.25"
B243;2025-06-10;-2940.00;2;"Kundfaktura Le Comptoir Gourmet AB (7415";"3051:-2352 2611:-588"
B245;2025-06-09;-3624.00;2;"Kundfaktura Le Comptoir Gourmet AB (7416";"3052:-720 3002:-2904"
B246;2025-01-22;-8716.00;6;"Kundfaktura Le Comptoir Gourmet AB (7217";"3051:-6306 3052:-336 3002:-408 2611:-1576.5 2621:-89.28 3740:-0.22"
B249;2025-06-12;25479.00;5;"Kundfaktura Le Comptoir Gourmet AB (7418";"3002:-1776 2611:-6369.75 2621:-213.12 3740:-0.13 1510:33838"
B250;2025-01-24;21338.50;3;"Kundfaktura Juan Font Vinbar AB (7219)";"2621:-69.12 3740:-0.38 1510:21408"
B251;2025-06-10;12530.00;3;"Kundfaktura Juan Font Vinbar AB (7419)";"2611:-3132.5 3740:-0.5 1510:15663"
B252;2025-01-24;8976.00;2;"Kundfaktura Le Comptoir Gourmet AB (7220";"2611:-2244 1510:11220"
B254;2025-01-24;0.00;0;"Kundfaktura Jespers (7221)";""
B255;2025-06-13;-1890.00;1;"Kundfaktura Isabelle Restaurang AB (7421";"3051:-1890"
B258;2025-06-13;23910.00;1;"Kundfaktura Le Comptoir Gourmet AB (7422";"1510:23910"
B260;2025-06-10;0.00;0;"Kundfaktura Hörnan på Brantevik (7423)";""
B262;2025-06-17;2693.00;1;"Kundfaktura Spanska Köket i Göteborg AB ";"1510:2693"
B264;2025-06-17;9472.50;2;"Kundfaktura Table 27 (7425)";"3740:-0.5 1510:9473"
B266;2025-06-17;4080.00;3;"Kundfaktura Le Comptoir Gourmet AB (7426";"3002:-2640 2611:-840 1510:7560"
B267;2025-01-30;336.00;6;"Kundfaktura Le Comptoir Gourmet AB (7228";"3051:-7968 3002:-936 2611:-1992 2621:-152.64 3740:-0.36 1510:11385"
B268;2025-06-17;6923.00;1;"Kundfaktura Le Comptoir Gourmet AB (7427";"1510:6923"
B270;2025-06-18;2568.00;4;"Kundfaktura Benson & Fredman AB (7428)";"2611:-552 2621:-43.2 3740:0.2 1510:3163"
B271;2025-01-31;15872.50;2;"Kundfaktura Le Comptoir Gourmet AB (7230";"3740:-0.5 1510:15873"
B273;2025-01-31;0.00;0;"Kundfaktura Le Comptoir Gourmet AB (7231";""
B274;2025-02-03;-29700.00;1;"Kundfaktura Göteborgs Symfoniker AB (723";"3051:-29700"
B275;2025-06-18;-30931.92;5;"Kundfaktura Le Comptoir Gourmet AB (7430";"3051:-21864 3052:-720 3002:-2496 2611:-5466 2621:-385.92"
B278;2025-01-31;-220.82;2;"Kundfaktura Meldon Food AB (7234)";"2611:-216 2621:-4.82"
B280;2025-02-04;0.00;0;"Kundfaktura Gurras SPG AB (7235)";""
B281;2025-06-24;-8010.00;1;"Kundfaktura Le Comptoir Gourmet AB (7433";"3051:-8010"
B283;2025-06-24;-3870.00;1;"Kundfaktura Le Comptoir Gourmet AB (7434";"3051:-3870"
B285;2025-06-24;36522.00;5;"Kundfaktura Le Comptoir Gourmet AB (7435";"3002:-1800 2611:-8896.5 2621:-328.32 3740:-0.18 1510:47547"
B286;2025-02-06;3680.10;2;"Kundfaktura Isabelle Restaurang AB (7239";"3740:0.1 1510:3680"
B288;2025-02-06;-1931.82;2;"Kundfaktura Le Comptoir Gourmet AB (7238";"2611:-1891.5 2621:-40.32"
B290;2025-02-06;-786.00;1;"Kundfaktura Juan Font Vinbar AB (7240)";"3051:-786"
B292;2025-02-07;-1704.00;2;"Kundfaktura Le Comptoir Gourmet AB (7241";"3052:-336 3002:-1368"
B294;2025-02-10;990.00;3;"Kundfaktura Systembolaget AB (7242)";"2611:-247.5 3740:-0.5 1510:1238"
B295;2025-07-01;22782.00;3;"Kundfaktura Le Comptoir Gourmet AB (7440";"2611:-5695.5 3740:-0.5 1510:28478"
B296;2025-02-11;29478.00;3;"Kundfaktura Le Comptoir Gourmet AB (7243";"2611:-7369.5 3740:-0.5 1510:36848"
B297;2025-07-02;23416.00;5;"Kundfaktura Juan Font Vinbar AB (7441)";"3052:-864 2611:-5854 2621:-103.68 3740:-0.32 1510:30238"
B298;2025-02-11;0.00;0;"Kundfaktura Spanska Köket i Göteborg AB ";""
B300;2025-02-11;0.00;0;"Kundfaktura Enbergs Restaurang AB (7245)";""
B302;2025-02-12;8799.00;3;"Kundfaktura Le Comptoir Gourmet AB (7246";"2621:-204.48 3740:0.48 1510:9003"
B303;2025-07-01;-3359.00;2;"Kundfaktura Hörnan på Brantevik (7444)";"3002:-264 2611:-3095"
B305;2025-06-30;-213.00;2;"Kundfaktura El Toro de Andalucia AB (744";"2611:-212.5 3740:-0.5"
B306;2025-02-13;-8460.00;3;"Kundfaktura Le Comptoir Gourmet AB (7248";"3051:-6000 3002:-960 2611:-1500"
B308;2025-02-14;12930.00;1;"Kundfaktura Le Comptoir Gourmet AB (7249";"1510:12930"
B310;2025-02-14;0.00;0;"Kundfaktura Isabelle Restaurang AB (7250";""
B311;2025-02-14;-842.00;2;"Kundfaktura Le Comptoir Gourmet AB (7251";"2611:-841.5 3740:-0.5"
B312;2025-07-08;32058.00;6;"Kundfaktura Le Comptoir Gourmet AB (7448";"3052:-720 3002:-936 2611:-8014.5 2621:-198.72 3740:0.22 1510:41927"
B313;2025-02-17;8985.00;1;"Kundfaktura Le Comptoir Gourmet AB (7252";"1510:8985"
B315;2025-02-12;0.00;0;"Kreditfaktura Juan Font Vinbar AB (7253)";""
B316;2025-02-18;-10786.50;3;"Kundfaktura Le Comptoir Gourmet AB (7254";"3002:-1248 3052:-336 2611:-9202.5"
B317;2025-07-10;3052.60;3;"Kundfaktura Benson & Fredman AB (7450)";"2611:-763.15 3740:-0.25 1510:3816"
B319;2025-02-19;0.00;0;"Kundfaktura Juan Font Vinbar AB (7255)";""
B320;2025-07-14;-6000.00;1;"Kundfaktura Hörnan på Brantevik/Criadera";"3051:-6000"
B322;2025-07-09;321.00;2;"Kundfaktura Le Comptoir Gourmet AB (7453";"3051:-316 1510:637"
B325;2025-07-10;2183.00;1;"Kundfaktura Juan Font Vinbar AB (7454)";"1510:2183"
B327;2025-07-10;2849.00;1;"Kundfaktura Le Comptoir Gourmet AB (7455";"1510:2849"
B329;2025-07-11;-6043.86;3;"Kundfaktura Le Comptoir Gourmet AB (7456";"3002:-936 2611:-4900.5 2621:-207.36"
B330;2025-02-24;2250.00;3;"Kundfaktura Enoteca del Signore (CA Lind";"2611:-562.5 3740:-0.5 1510:2813"
B332;2025-02-24;0.00;0;"Kundfaktura Monferrato AB (7262)";""
B333;2025-02-24;4444.00;2;"Kundfaktura Table 27 (7263)";"2611:-1111 1510:5555"
B335;2025-02-24;-1422.00;2;"Kundfaktura Le Comptoir Gourmet AB (7264";"3052:-336 2611:-1086"
B337;2025-02-25;37475.00;5;"Kundfaktura Le Comptoir Gourmet AB (7265";"3002:-936 2611:-9284.75 2621:-152.64 3740:0.39 1510:47848"
B338;2025-07-15;0.00;0;"Kundfaktura Gurras SPG AB (7460)";""
B340;2025-07-15;0.00;0;"Kundfaktura Hörnan på Brantevik/Criadera";""
B341;2025-07-17;217.50;5;"Kundfaktura Benson & Fredman AB (7462)";"3051:-870 3052:-360 2621:-43.2 3740:-0.3 1510:1491"
B342;2025-02-26;-15109.00;1;"Kundfaktura Juan Font Vinbar AB (7267)";"3051:-15109"
B344;2025-02-27;0.00;0;"Kundfaktura Isabelle Restaurang AB (7268";""
B345;2025-02-27;1380.00;2;"Kundfaktura Systembolaget AB (7269)";"2611:-345 1510:1725"
B347;2025-03-04;37846.00;4;"Kundfaktura Le Comptoir Gourmet AB (7270";"2611:-8951.5 2621:-244.8 3740:0.3 1510:47042"
B348;2025-07-16;806.40;2;"Kundfaktura Le Comptoir Gourmet AB (7465";"3740:0.4 1510:806"
B350;2025-07-18;8559.00;3;"Kundfaktura Juan Font Vinbar AB (7466)";"2611:-2139.75 3740:-0.25 1510:10699"
B351;2025-03-05;-2558.00;2;"Kundfaktura Le Comptoir Gourmet AB (7272";"2611:-2557.5 3740:-0.5"
B353;2025-03-05;0.00;0;"Kundfaktura Isabelle Restaurang AB (7273";""
B354;2025-03-06;-8646.00;1;"Kundfaktura Le Comptoir Gourmet AB (7274";"3051:-8646"
B355;2025-07-21;-8386.00;6;"Kundfaktura Le Comptoir Gourmet AB (7468";"3051:-1806 3052:-1152 3002:-4320 2611:-451.5 2621:-656.64 3740:0.14"
B356;2025-03-06;-23981.31;4;"Kundfaktura Juan Font Vinbar AB (7275)";"3051:-18927 3052:-288 2611:-4731.75 2621:-34.56"
B359;2025-07-22;0.00;0;"Kundfaktura Le Comptoir Gourmet AB (7470";""
B361;2025-07-22;0.00;0;"Kundfaktura Le Comptoir Gourmet AB (7471";""
B362;2025-07-24;10016.00;3;"Kundfaktura Le Comptoir Gourmet AB (7472";"3051:-24300 3052:-360 1510:34676"
B364;2025-03-07;-19716.00;1;"Kundfaktura Le Comptoir Gourmet AB (7279";"3051:-19716"
B366;2025-03-07;-3240.00;1;"Kundfaktura Bar El Guiri AB (7280)";"3051:-3240"
B369;2025-07-22;-4050.75;2;"Kundfaktura Hörnan på Brantevik/Criadera";"3052:-360 2611:-3690.75"
B371;2025-07-25;-633.00;2;"Kundfaktura Hörnan på Brantevik/Criadera";"3052:-228 2611:-405"
B373;2025-07-25;337.50;2;"Kundfaktura Juan Font Vinbar AB (7477)";"3740:-0.5 1510:338"
B375;2025-07-25;-4008.00;1;"Kundfaktura Le Comptoir Gourmet AB (7478";"3002:-4008"
B377;2025-07-29;-14628.00;2;"Kundfaktura Le Comptoir Gourmet AB (7479";"3051:-14052 3052:-576"
B380;2025-03-14;6144.00;4;"Kundfaktura Le Comptoir Gourmet AB (7287";"2621:-63.36 2611:-1404 3740:0.36 1510:7611"
B381;2025-07-29;8316.00;5;"Kundfaktura Hörnan på Brantevik/Criadera";"3052:-360 2611:-1971 2621:-95.04 3740:0.04 1510:10742"
B382;2025-03-20;0.00;0;"Kundfaktura Göteborgs Symfoniker AB (728";""
B384;2025-07-30;0.00;0;"Kundfaktura Spanska Köket i Göteborg AB ";""
B385;2025-07-30;1680.00;2;"Kundfaktura Café Havanna Handelsbolag (7";"2611:-420 1510:2100"
B387;2025-07-30;6165.00;1;"Kundfaktura Isabelle Restaurang AB (7484";"1510:6165"
B388;2025-03-20;-1050.00;1;"Kundfaktura Jespers (7292)";"3051:-1050"
B390;2025-03-20;-1050.00;1;"Kundfaktura Vinihörnet AB (7293)";"3051:-1050"
B392;2025-03-20;-518.82;2;"Kundfaktura Le Comptoir Gourmet AB (7294";"2611:-478.5 2621:-40.32"
B394;2025-03-21;-9714.00;1;"Kundfaktura Le Comptoir Gourmet AB (7295";"3051:-9714"
B397;2025-03-20;9624.00;1;"Kundfaktura Enbergs Restaurang AB (7296)";"1510:9624"
B399;2025-03-25;13169.00;1;"Kundfaktura Isabelle Restaurang AB (7297";"1510:13169"
B401;2025-03-24;2812.50;2;"Kundfaktura Enoteca del Signore (CA Lind";"3740:-0.5 1510:2813"
B403;2025-03-24;2812.50;2;"Kundfaktura Nonna (Sangiovese KB) (7299)";"3740:-0.5 1510:2813"
B405;2025-03-24;1875.00;1;"Kundfaktura Monferrato AB (Sorellina) (7";"1510:1875"
B407;2025-03-20;16322.50;2;"Kundfaktura Juan Font Vinbar AB (7301)";"3740:-0.5 1510:16323"
B409;2025-03-24;7312.50;2;"Kundfaktura Le Comptoir Gourmet AB (7302";"3740:-0.5 1510:7313"
B411;2025-03-25;45197.00;3;"Kundfaktura Le Comptoir Gourmet AB (7303";"3052:-672 3002:-528 1510:46397"
B414;2025-03-25;0.00;0;"Kundfaktura Bar El Guiri AB (7304)";""
B415;2025-03-25;-2190.00;2;"Kundfaktura Spanska Köket i Göteborg AB ";"3051:-1752 2611:-438"
B417;2025-03-26;8457.62;2;"Kundfaktura Juan Font Vinbar AB (7306)";"3740:-0.38 1510:8458"
B418;2025-08-05;-60.00;2;"Kreditfaktura Hörnan på Brantevik/Criade";"2611:15 1510:-75"
B420;2025-08-05;20292.00;2;"Kundfaktura Le Comptoir Gourmet AB (7502";"2611:-5073 1510:25365"
B422;2025-08-05;14986.00;5;"Kundfaktura Le Comptoir Gourmet AB (7503";"3002:-1056 2611:-3656.5 2621:-169.92 3740:0.42 1510:19868"
B423;2025-03-27;6173.00;1;"Kundfaktura Isabelle Restaurang AB (7309";"1510:6173"
B424;2025-08-02;-8350.00;2;"Kundfaktura El Toro de Andalucia AB (750";"3051:-6680 2611:-1670"
B426;2025-08-06;-32583.75;2;"Kundfaktura Juan Font Vinbar AB (7505)";"3051:-26067 2611:-6516.75"
B428;2025-08-06;6300.00;1;"Kundfaktura Table 27 (7506)";"1510:6300"
B429;2025-03-31;-1480.00;1;"Kundfaktura Maison Caillard (7314)";"3041:-1480"
B432;2025-08-08;0.00;0;"Kundfaktura Le Comptoir Gourmet AB (7508";""
B433;2025-08-08;-34734.00;1;"Kundfaktura Le Comptoir Gourmet AB (7509";"3051:-34734"
B436;2025-03-31;0.00;0;"Kundfaktura Le Comptoir Gourmet AB (7316";""
B437;2025-04-01;-30031.00;2;"Kundfaktura Le Comptoir Gourmet AB (7317";"3051:-28855 3052:-1176"
B439;2025-04-01;-15840.00;1;"Kundfaktura Göteborgs Symfoniker AB (731";"3051:-15840"
B441;2025-04-03;-5874.00;2;"Kundfaktura Le Comptoir Gourmet AB (7319";"3051:-5328 3052:-546"
B442;2025-08-13;3222.00;5;"Kundfaktura Le Comptoir Gourmet AB (7513";"3002:-1272 2611:-805.5 2621:-152.64 3740:0.14 1510:5452"
B444;2025-04-02;0.00;0;"Kundfaktura Isabelle Restaurang AB (7320";""
B445;2025-04-02;3648.00;2;"Kundfaktura Le Comptoir Gourmet AB (7321";"2611:-912 1510:4560"
B447;2025-04-03;0.00;0;"Kundfaktura Juan Font Vinbar AB (7322)";""
B448;2025-04-04;-7533.00;1;"Kundfaktura Isabelle Restaurang AB (7323";"3051:-7533"
B451;2025-08-15;18537.50;2;"Kundfaktura Le Comptoir Gourmet AB (7517";"3740:-0.5 1510:18538"
B453;2025-08-14;-1732.50;2;"Kundfaktura Hörnan på Brantevik/Criadera";"3052:-360 2611:-1372.5"
B456;2025-08-15;2138.00;1;"Kundfaktura Hörnan på Brantevik/Criadera";"1510:2138"
B458;2025-08-19;0.00;0;"Kreditfaktura Le Comptoir Gourmet AB (75";""
B459;2025-08-19;18240.00;2;"Kundfaktura Göteborgs Symfoniker AB (752";"2611:-4560 1510:22800"
B460;2025-04-09;-6738.00;2;"Kundfaktura Juan Font Vinbar AB (7329)";"3052:-576 2611:-6162"
B463;2025-08-19;19932.00;6;"Kundfaktura Le Comptoir Gourmet AB (7523";"3052:-360 3002:-2376 2611:-4983 2621:-328.32 3740:0.32 1510:27979"
B464;2025-04-09;0.00;0;"Kundfaktura Systembolaget AB (7331)";""
B465;2025-04-08;-2880.00;2;"Kundfaktura Le Comptoir Gourmet AB (7332";"3051:-2304 2611:-576"
B466;2025-08-20;1676.23;1;"Kreditfaktura The Sustainable Spirit Co.";"3004:1676.23"
B468;2025-04-10;13927.00;1;"Kundfaktura Le Comptoir Gourmet AB (7333";"1510:13927"
B470;2025-04-10;1312.50;2;"Kundfaktura Jespers (7334)";"3740:-0.5 1510:1313"
B472;2025-04-10;0.00;0;"Kundfaktura Juan Font Vinbar AB (7335)";""
B473;2025-04-11;-2724.00;1;"Kundfaktura Table 27 (7336)";"3051:-2724"
B476;2025-08-22;750.00;1;"Kundfaktura Systembolaget AB (7529)";"1510:750"
B478;2025-08-22;3262.50;2;"Kundfaktura Benson & Fredman AB (7530)";"3740:-0.5 1510:3263"
B480;2025-08-25;-3274.82;3;"Kundfaktura Le Comptoir Gourmet AB (7531";"3002:-936 2611:-2226.5 2621:-112.32"
B481;2025-04-10;288.00;2;"Kundfaktura Juan Font Vinbar AB (7340)";"2611:-72 1510:360"
B483;2025-08-26;-978.54;2;"Kundfaktura Le Comptoir Gourmet AB (7532";"2611:-883.5 2621:-95.04"
B485;2025-08-27;-23671.00;1;"Kundfaktura Juan Font Vinbar AB (7533)";"3051:-23671"
B488;2025-04-16;-2136.00;2;"Kundfaktura Le Comptoir Gourmet AB (7344";"3002:-1800 3052:-336"
B491;2025-08-28;-30.00;2;"Kundfaktura Le Comptoir Gourmet AB (7536";"2621:-30.24 3740:0.24"
B493;2025-08-29;-14251.50;4;"Kundfaktura Le Comptoir Gourmet AB (7537";"3051:-9174 3052:-720 3002:-2064 2611:-2293.5"
B494;2025-04-16;8268.00;6;"Kundfaktura Isabelle Restaurang AB (7347";"3052:-336 3002:-240 2611:-2067 2621:-69.12 3740:0.12 1510:10980"
B496;2025-04-10;-576.00;2;"Kreditfaktura Juan Font Vinbar AB (7348)";"2611:144 1510:-720"
B498;2025-04-16;-147.40;2;"Kundfaktura Café Havanna Handelsbolag (7";"2611:-146.9 3740:-0.5"
B500;2025-04-17;-2235.00;2;"Kundfaktura Le Comptoir Gourmet AB (7350";"3051:-1788 2611:-447"
B502;2025-04-17;11888.00;1;"Kundfaktura Le Comptoir Gourmet AB (7351";"1510:11888"
B504;2025-04-17;16819.00;4;"Kundfaktura Benson & Fredman AB (7352)";"2611:-4114.75 2621:-43.2 3740:-0.05 1510:20977"
B505;2025-09-04;22443.75;2;"Kundfaktura Juan Font Vinbar AB (7543)";"3740:-0.25 1510:22444"
B506;2025-04-22;790.00;2;"Kreditfaktura Juan Font Vinbar AB (7353)";"3051:632 2611:158"
B508;2025-04-22;37775.00;4;"Kundfaktura Le Comptoir Gourmet AB (7354";"2611:-8638.5 2621:-386.52 3740:0.02 1510:46800"
B509;2025-09-04;0.00;0;"Kundfaktura Systembolaget AB (7545)";""
B510;2025-04-22;-4075.00;1;"Kundfaktura Gurras SPG AB (7355)";"3051:-4075"
B513;2025-04-23;0.00;0;"Kundfaktura Le Comptoir Gourmet AB (7356";""
B515;2025-04-23;0.00;0;"Kundfaktura Juan Font Vinbar AB (7357)";""
B517;2025-09-10;0.00;0;"Kundfaktura Spanska Köket i Göteborg AB ";""
B519;2025-09-11;16152.44;3;"Kundfaktura Juan Font Vinbar AB (7550)";"2611:-3614.75 3740:0.19 1510:19767"
B520;2025-04-25;1872.00;4;"Kundfaktura Le Comptoir Gourmet AB (7360";"3051:-5376 2621:-63.36 3740:0.36 1510:7311"
B521;2025-09-11;768.00;5;"Kundfaktura Le Comptoir Gourmet AB (7551";"3051:-21465 2611:-5366.25 2621:-92.16 3740:0.41 1510:27691"
B522;2025-04-29;9529.00;4;"Kundfaktura Juan Font Vinbar AB (7361)";"2611:-2310.25 2621:-34.56 3740:-0.19 1510:11874"
B523;2025-09-12;-4450.14;2;"Kundfaktura Le Comptoir Gourmet AB (7552";"2611:-4369.5 2621:-80.64"
B525;2025-09-10;0.00;0;"Kundfaktura Benson & Fredman AB (7554)";""
B527;2025-09-12;0.00;0;"Kreditfaktura Hörnan på Brantevik/Criade";""
B528;2025-09-16;2025.00;1;"Kundfaktura Spanska Köket i Göteborg AB ";"1510:2025"
B530;2025-09-16;18828.00;4;"Kundfaktura Le Comptoir Gourmet AB (7556";"2611:-4216.5 2621:-235.44 3740:-0.06 1510:23280"
B531;2025-05-02;5730.00;1;"Kundfaktura Le Comptoir Gourmet AB (7365";"1510:5730"
B532;2025-09-18;-5040.00;1;"Kundfaktura Table 27 (7557)";"3051:-5040"
B534;2025-04-30;-0.25;3;"Kundfaktura Maison Caillard (7368)";"3041:-1045 2611:-261.25 1510:1306"
B535;2025-09-19;-3292.75;4;"Kundfaktura Le Comptoir Gourmet AB (7558";"3052:-936 3002:-2004 2621:-352.8 3740:0.05"
B537;2025-09-19;-4410.00;2;"Kundfaktura Le Comptoir Gourmet AB (7559";"3051:-3528 2611:-882"
B539;2025-09-22;1238.00;1;"Kundfaktura El Toro de Andalucia AB (756";"1510:1238"
B541;2025-09-23;-7696.80;2;"Kundfaktura Le Comptoir Gourmet AB (7561";"2611:-7452 2621:-244.8"
B543;2025-09-24;-4087.50;2;"Kundfaktura Table 27 (7562)";"3051:-3270 2611:-817.5"
B545;2025-09-25;-4983.00;3;"Kundfaktura Juan Font Vinbar AB (7563)";"3051:-3986 2611:-996.5 3740:-0.5"
B546;2025-05-08;3456.00;2;"Kundfaktura Le Comptoir Gourmet AB (7374";"2611:-864 1510:4320"
B547;2025-09-25;-4392.00;1;"Kundfaktura Gurras SPG AB (7564)";"3051:-4392"
B549;2025-09-25;-1034.00;1;"Kundfaktura Le Comptoir Gourmet AB (7565";"3002:-1034"
B551;2025-09-26;138.00;1;"Kreditfaktura Juan Font Vinbar AB (7566)";"3051:138"
B554;2025-09-26;-112.00;2;"Kundfaktura Le Comptoir Gourmet AB (7567";"2621:-112.32 3740:0.32"
B556;2025-09-29;0.00;0;"Kundfaktura Per Warfvinge (7568)";""
B557;2025-09-29;-4116.00;1;"Kundfaktura Hörnan på Brantevik/Criadera";"3051:-4116"
B559;2025-10-01;-5406.00;1;"Kundfaktura Juan Font Vinbar AB (7570)";"3051:-5406"
B561;2025-09-30;9951.95;3;"Kundfaktura Le Comptoir Gourmet AB (7571";"3051:-27443 3740:-0.05 1510:37395"
B564;2025-10-01;0.00;0;"Kundfaktura Göteborgs Symfoniker AB (757";""
B565;2025-05-13;-41415.00;6;"Kundfaktura Le Comptoir Gourmet AB (7384";"3051:-31218 3052:-336 3002:-1800 2611:-7804.5 2621:-256.32 3740:-0.18"
B566;2025-10-01;0.00;0;"Kundfaktura Tuppen (7573)";""
B568;2025-05-14;-2949.44;2;"Kundfaktura Juan Font Vinbar AB (7385)";"3051:-2840 2621:-109.44"
B571;2025-05-14;10243.80;2;"Kundfaktura Isabelle Restaurang AB (7386";"3740:-0.2 1510:10244"
B573;2025-05-15;25601.34;2;"Kundfaktura Le Comptoir Gourmet AB (7387";"3740:0.34 1510:25601"
B574;2025-10-02;-883.00;2;"Kundfaktura Restaurangbolaget The Golden";"2611:-882.5 3740:-0.5"
B576;2025-10-03;-25860.00;2;"Kundfaktura Le Comptoir Gourmet AB (7579";"3051:-20688 2611:-5172"
B578;2025-10-03;-6691.25;2;"Kundfaktura Le Comptoir Gourmet AB (7580";"3051:-5353 2611:-1338.25"
B580;2025-10-07;3093.75;2;"Kundfaktura Spanska Köket i Göteborg AB ";"3740:-0.25 1510:3094"
B582;2025-10-07;12490.00;1;"Kundfaktura Le Comptoir Gourmet AB (7582";"1510:12490"
B584;2025-10-08;7312.50;2;"Kundfaktura Göteborgs Symfoniker AB (758";"3740:-0.5 1510:7313"
B586;2025-10-08;0.00;0;"Kundfaktura Juan Font Vinbar AB (7584)";""
B587;2025-10-10;-29514.00;2;"Kundfaktura Le Comptoir Gourmet AB (7585";"3051:-28794 3052:-720"
B588;2025-05-22;10688.00;5;"Kundfaktura Juan Font Vinbar AB (7394)";"3052:-576 2611:-2672 2621:-69.12 3740:0.12 1510:14005"
B590;2025-10-10;0.00;0;"Kundfaktura Le Comptoir Gourmet AB (7586";""
B592;2025-05-23;0.00;0;"Kundfaktura Isabelle Restaurang AB (7396";""
B594;2025-05-23;3871.00;1;"Kundfaktura Göteborg City Mat och Dryck ";"1510:3871"
B595;2025-10-14;-37903.20;4;"Kundfaktura Le Comptoir Gourmet AB (7589";"3051:-30000 3052:-360 2611:-7500 2621:-43.2"
B596;2025-05-23;3744.00;5;"Kundfaktura Le Comptoir Gourmet AB (7398";"3002:-1272 2611:-846 2621:-195.84 3740:-0.16 1510:6058"
B598;2025-05-11;-10284.60;2;"Kundfaktura Hörnan på Brantevik (7399)";"3002:-2256 2611:-8028.6"
B601;2025-05-23;0.00;0;"Kundfaktura Hörnan på Brantevik (7400)";""
B603;2025-06-04;368.00;1;"Kundfaktura Hanna JF (7401)";"1510:368"
B604;2025-10-15;1546.80;2;"Kundfaktura Benson & Fredman AB (7594)";"3051:-4574.2 1510:6121"
B607;2025-10-16;0.00;0;"Kundfaktura Le Comptoir Gourmet AB (7595";""
B608;2025-10-16;2500.00;1;"Kundfaktura Tryffelkranen AB (7596)";"1510:2500"
B609;2025-06-03;521.00;2;"Kundfaktura Nonna (Sangiovese KB) (7404)";"3051:-2084 1510:2605"
B611;2025-10-17;-208.00;2;"Kundfaktura Le Comptoir Gourmet AB (7597";"2621:-208.2 3740:0.2"
B613;2025-10-16;121.25;2;"Kreditfaktura Juan Font Vinbar AB (7598)";"3051:97 2611:24.25"
B614;2025-06-04;-48045.00;5;"Kundfaktura Juan Font Vinbar AB (7407)";"3051:-37404 3052:-1152 2611:-9351 2621:-138.24 3740:0.24"
B616;2025-05-31;-1650.00;1;"Kundfaktura Maison Caillard (7408)";"3041:-1650"
B619;2025-05-31;925.00;2;"Kundfaktura El Toro de Andalucia AB (740";"2621:24 1510:901"
B621;2025-06-05;15192.00;2;"Kundfaktura Isabelle Restaurang AB (7410";"2611:-3798 1510:18990"
B622;2025-10-23;5052.00;2;"Kundfaktura Le Comptoir Gourmet AB (7604";"2611:-1263 1510:6315"
B624;2025-10-23;0.00;0;"Kundfaktura Table 27 (7605)";""
B625;2025-10-24;-8668.75;2;"Kundfaktura Human restaurang AB (7606)";"3051:-6935 2611:-1733.75"
B627;2025-10-28;22788.00;5;"Kundfaktura Le Comptoir Gourmet AB (7608";"3002:-2940 2611:-5697 2621:-352.8 3740:-0.2 1510:31778"
B628;2025-06-03;25051.40;5;"Kundfaktura Hörnan på Brantevik (7413)";"3052:-360 2611:-5956.85 2621:-190.08 3740:0.33 1510:31558"
B629;2025-10-28;2790.00;1;"Kundfaktura Tuppen (7609)";"1510:2790"
B630;2025-06-10;-9591.25;2;"Kundfaktura Isabelle Restaurang AB (7414";"3051:-9591 3740:-0.25"
B633;2025-06-10;-2352.00;1;"Kundfaktura Le Comptoir Gourmet AB (7415";"3051:-2352"
B634;2025-10-29;12321.00;5;"Kundfaktura Juan Font Vinbar AB (7611)";"3052:-288 2611:-3080.25 2621:-34.56 3740:-0.19 1510:15724"
B635;2025-06-09;9971.88;4;"Kundfaktura Le Comptoir Gourmet AB (7416";"3051:-26532 3052:-720 3740:-0.12 1510:37224"
B636;2025-10-30;95.00;5;"Kundfaktura Le Comptoir Gourmet AB (7615";"3051:-4692 3002:-432 3052:-360 2611:-1173 1510:6752"
B638;2025-10-30;735.00;1;"Kundfaktura Linn Engström (7616)";"1510:735"
B639;2025-06-12;-33624.75;3;"Kundfaktura Le Comptoir Gourmet AB (7418";"3051:-25479 3002:-1776 2611:-6369.75"
B640;2025-10-31;1475.00;3;"Kundfaktura Maison Caillard (7612)";"2611:-368.75 3740:-0.25 1510:1844"
B641;2025-10-31;-1150.00;1;"Kundfaktura El Toro de Andalucia AB (761";"3041:-1150"
B643;2025-10-31;7885.00;2;"Kundfaktura Le Comptoir Gourmet AB (7617";"3051:-27132 1510:35017"
B646;2025-10-15;0.00;0;"Kundfaktura KGA Logistik AB (Systembolag";""
B647;2025-06-13;-23910.00;6;"Kundfaktura Le Comptoir Gourmet AB (7422";"3051:-17580 3052:-360 3002:-1368 2611:-4395 2621:-207.36 3740:0.36"
B648;2025-10-17;0.00;0;"Kundfaktura KGA Logistik AB (Systembolag";""
B650;2025-06-10;-2847.90;2;"Kundfaktura Hörnan på Brantevik (7423)";"3002:-696 2611:-2151.9"
B653;2025-06-17;0.00;0;"Kundfaktura Spanska Köket i Göteborg AB ";""
B655;2025-06-17;0.00;0;"Kundfaktura Table 27 (7425)";""
B657;2025-06-17;-1200.00;2;"Kundfaktura Le Comptoir Gourmet AB (7426";"2611:-840 2621:-360"
B660;2025-06-18;249.18;4;"Kundfaktura Hörnan på Brantevik (7429)";"3051:-870 3002:-264 3740:0.18 1510:1383"
B663;2025-06-24;-16000.91;5;"Kundfaktura Hörnan på Brantevik (7432)";"3002:-2520 3052:-360 3051:-10220.25 2621:-345.6 2611:-2555.06"
B664;2025-06-24;8010.00;5;"Kundfaktura Le Comptoir Gourmet AB (7433";"3002:-2640 2611:-2002.5 2621:-316.8 3740:0.3 1510:12969"
B665;2025-06-24;4837.50;2;"Kundfaktura Le Comptoir Gourmet AB (7434";"3740:-0.5 1510:4838"
B666;2025-06-24;-36850.50;4;"Kundfaktura Le Comptoir Gourmet AB (7435";"3051:-35586 3052:-936 2621:-328.32 3740:-0.18"
B667;2025-06-26;2750.00;2;"Kundfaktura Le Comptoir Gourmet AB (7436";"3051:-10998 1510:13748"
B668;2025-06-30;-426.00;2;"Kundfaktura Maison Caillard (7437)";"2611:-426.25 3740:0.25"
B669;2025-06-30;-2143.00;3;"Kundfaktura Benson & Fredman AB (7438)";"3051:-2100 2621:-43.2 3740:0.2"
B673;2025-07-02;6052.50;2;"Kundfaktura Gurras SPG AB (7442)";"3740:-0.5 1510:6053"
B674;2025-07-02;-1989.00;3;"Kundfaktura Le Comptoir Gourmet AB (7443";"3002:-1776 2621:-213.12 3740:0.12"
B675;2025-07-01;-3126.68;2;"Kundfaktura Hörnan på Brantevik (7444)";"2611:-3095 2621:-31.68"
B677;2025-07-04;-19825.37;4;"Kundfaktura Le Comptoir Gourmet AB (7446";"3051:-19242.5 3052:-360 2621:-223.2 3740:0.33"
B678;2025-07-08;-41712.96;3;"Kundfaktura Le Comptoir Gourmet AB (7447";"3051:-33216 2611:-8304 2621:-192.96"
B679;2025-07-08;32058.00;6;"Kundfaktura Le Comptoir Gourmet AB (7448";"3052:-720 3002:-936 2611:-8014.5 2621:-198.72 3740:0.22 1510:41927"
B680;2025-07-08;1992.00;6;"Kundfaktura Hörnan på Brantevik/Criadera";"3052:-360 3051:-7410 2621:-282.24 2611:-1852.5 3740:-0.26 1510:11897"
B683;2025-07-14;-8280.00;5;"Kundfaktura Hörnan på Brantevik/Criadera";"3051:-6000 3002:-696 2611:-1500 2621:-83.52 3740:-0.48"
B684;2025-07-09;316.00;5;"Kundfaktura Le Comptoir Gourmet AB (7453";"3052:-216 2611:-79 2621:-25.92 3740:-0.08 1510:637"
B685;2025-07-10;1806.00;4;"Kundfaktura Juan Font Vinbar AB (7454)";"2611:-307.5 2621:-69.12 3740:-0.38 1510:2183"
B686;2025-07-10;2849.28;2;"Kundfaktura Le Comptoir Gourmet AB (7455";"3740:0.28 1510:2849"
B688;2025-07-15;-4181.16;5;"Kundfaktura Le Comptoir Gourmet AB (7457";"3051:-1044 3052:-360 3002:-2208 2611:-261 2621:-308.16"
B690;2025-07-15;-30969.00;5;"Kundfaktura Le Comptoir Gourmet AB (7459";"3051:-28308 3052:-432 3002:-1944 2621:-285.12 3740:0.12"
B691;2025-07-15;-1980.00;1;"Kundfaktura Gurras SPG AB (7460)";"3051:-1980"
B692;2025-07-15;8587.50;2;"Kundfaktura Hörnan på Brantevik/Criadera";"3740:-0.5 1510:8588"
B694;2025-07-17;6690.30;4;"Kundfaktura Hörnan på Brantevik/Criadera";"3052:-360 2611:-1672.5 2621:-43.2 1510:8766"
B695;2025-07-17;-3483.84;2;"Kundfaktura Le Comptoir Gourmet AB (7464";"3002:-3072 2621:-411.84"
B696;2025-07-16;806.40;2;"Kundfaktura Le Comptoir Gourmet AB (7465";"3740:0.4 1510:806"
B697;2025-07-18;-10699.00;3;"Kundfaktura Juan Font Vinbar AB (7466)";"3051:-8559 2611:-2139.75 3740:-0.25"
B698;2025-07-18;35965.00;6;"Kundfaktura Le Comptoir Gourmet AB (7467";"3052:-1152 3002:-5616 2611:-8991.25 2621:-812.16 3740:0.41 1510:52536"
B700;2025-07-19;-913.92;2;"Kundfaktura Le Comptoir Gourmet AB (7469";"3002:-816 2621:-97.92"
B701;2025-07-22;300.00;1;"Kundfaktura Le Comptoir Gourmet AB (7470";"1510:300"
B702;2025-07-22;-6674.00;2;"Kundfaktura Le Comptoir Gourmet AB (7471";"2611:-6673.75 3740:-0.25"
B703;2025-07-24;-30835.80;3;"Kundfaktura Le Comptoir Gourmet AB (7472";"3051:-24300 2611:-6075 2621:-460.8"
B704;2025-07-24;10041.25;2;"Kundfaktura Table 27 (7473)";"3740:0.25 1510:10041"
B705;2025-07-24;-9142.50;2;"Kundfaktura Juan Font Vinbar AB (7474)";"3051:-7314 2611:-1828.5"
B706;2025-07-22;16155.00;5;"Kundfaktura Hörnan på Brantevik/Criadera";"3052:-360 2611:-3690.75 2621:-210.24 3740:-0.01 1510:20416"
B708;2025-07-25;270.00;3;"Kundfaktura Juan Font Vinbar AB (7477)";"2611:-67.5 3740:-0.5 1510:338"
B709;2025-07-25;-25365.50;5;"Kundfaktura Le Comptoir Gourmet AB (7478";"3051:-20070 3052:-720 3002:-4008 2621:-567.36 3740:-0.14"
B710;2025-07-29;-18506.76;4;"Kundfaktura Le Comptoir Gourmet AB (7479";"3051:-14052 3052:-576 2611:-3513 2621:-365.76"
B711;2025-07-29;19245.00;1;"Kundfaktura Le Comptoir Gourmet AB (7480";"1510:19245"
B712;2025-07-29;95.04;6;"Kundfaktura Hörnan på Brantevik/Criadera";"3051:-7884 3002:-432 3052:-360 2611:-1971 3740:0.04 1510:10742"
B714;2025-07-30;1680.00;2;"Kundfaktura Café Havanna Handelsbolag (7";"2611:-420 1510:2100"
B715;2025-07-30;4932.00;2;"Kundfaktura Isabelle Restaurang AB (7484";"2611:-1233 1510:6165"
B716;2025-07-30;-937.50;2;"Kundfaktura Enoteca del Signore (CA Lind";"3051:-750 2611:-187.5"
B717;2025-08-01;17544.00;3;"Kundfaktura Le Comptoir Gourmet AB (7487";"3052:-720 2611:-3941 1510:22205"
B724;2025-08-04;233.00;2;"Kreditfaktura Systembolaget AB (7494)";"2611:232.5 3740:0.5"
B725;2025-08-04;2520.00;1;"Kreditfaktura Systembolaget AB (7495)";"3051:2520"
B726;2025-07-25;4312.50;2;"Kundfaktura Systembolaget AB (7496)";"3740:-0.5 1510:4313"
B727;2025-07-31;-1375.00;2;"Kundfaktura El Toro de Andalucia AB (749";"3041:-1100 2611:-275"
B729;2025-08-05;4324.80;5;"Kundfaktura Benson & Fredman AB (7499)";"3052:-720 2611:-1081.2 2621:-86.4 3740:0.4 1510:6212"
B730;2025-08-05;-0.12;6;"Kundfaktura Hörnan på Brantevik/Criadera";"3002:-2088 3052:-588 3051:-14673.6 2621:-321.12 2611:-3668.4 1510:21339"
B732;2025-08-05;20292.00;2;"Kundfaktura Le Comptoir Gourmet AB (7502";"2611:-5073 1510:25365"
B733;2025-08-05;-16211.50;5;"Kundfaktura Le Comptoir Gourmet AB (7503";"3051:-14626 3052:-360 3002:-1056 2621:-169.92 3740:0.42"
B739;2025-08-08;0.50;3;"Kundfaktura Le Comptoir Gourmet AB (7509";"3051:-34734 2611:-8683.5 1510:43418"
B740;2025-08-12;10644.00;6;"Kundfaktura Le Comptoir Gourmet AB (7510";"3052:-360 3002:-4320 2611:-2661 2621:-561.6 3740:-0.4 1510:18547"
B745;2025-08-15;-14032.50;5;"Kundfaktura Le Comptoir Gourmet AB (7515";"3051:-8538 3052:-360 3002:-2640 2611:-2134.5 2621:-360"
B746;2025-08-07;1381.25;2;"Kundfaktura Systembolaget AB (7516)";"3740:0.25 1510:1381"
B747;2025-08-15;-18537.50;2;"Kundfaktura Le Comptoir Gourmet AB (7517";"3051:-14830 2611:-3707.5"
B748;2025-08-14;6124.50;3;"Kundfaktura Hörnan på Brantevik/Criadera";"3052:-360 2611:-1372.5 1510:7857"
B749;2025-08-15;-428.00;2;"Kundfaktura Hörnan på Brantevik/Criadera";"2611:-427.5 3740:-0.5"
B750;2025-08-19;2112.00;1;"Kreditfaktura Le Comptoir Gourmet AB (75";"3051:2112"
B752;2025-08-19;2812.50;2;"Kundfaktura Spanska Köket i Göteborg AB ";"3740:-0.5 1510:2813"
B758;2025-08-20;-2266.88;2;"Kundfaktura Enbergs Restaurang AB (7528)";"3051:-1813.5 2611:-453.38"
B759;2025-08-22;750.00;1;"Kundfaktura Systembolaget AB (7529)";"1510:750"
B760;2025-08-22;-653.00;2;"Kundfaktura Benson & Fredman AB (7530)";"2611:-652.5 3740:-0.5"
B761;2025-08-25;3162.50;4;"Kundfaktura Le Comptoir Gourmet AB (7531";"3051:-8906 2621:-112.32 3740:-0.18 1510:12181"
B762;2025-08-26;-4512.54;3;"Kundfaktura Le Comptoir Gourmet AB (7532";"3051:-3534 2611:-883.5 2621:-95.04"
B763;2025-08-27;-5986.87;2;"Kundfaktura Juan Font Vinbar AB (7533)";"2611:-5917.75 2621:-69.12"
B764;2025-08-27;6187.50;2;"Kundfaktura Table 27 (7534)";"3740:-0.5 1510:6188"
B765;2025-08-28;481.20;4;"Kundfaktura Le Comptoir Gourmet AB (7535";"3051:-1752 3052:-360 3740:0.2 1510:2593"
B767;2025-08-29;9174.00;6;"Kundfaktura Le Comptoir Gourmet AB (7537";"3052:-720 3002:-2064 2611:-2293.5 2621:-334.08 3740:-0.42 1510:14586"
B768;2025-09-01;-2775.00;2;"Kundfaktura Göteborgs Symfoniker AB (753";"3051:-2220 2611:-555"
B769;2025-08-31;-700.00;1;"Kundfaktura Maison Caillard (7539)";"3041:-700"
B770;2025-08-31;1125.00;1;"Kundfaktura El Toro de Andalucia AB (754";"1510:1125"
B774;2025-09-04;-16776.00;5;"Kundfaktura Le Comptoir Gourmet AB (7544";"3051:-12948 3002:-528 2611:-3237 2621:-63.36 3740:0.36"
B775;2025-09-04;-1560.00;1;"Kundfaktura Systembolaget AB (7545)";"3051:-1560"
B776;2025-09-10;825.00;1;"Kundfaktura El Toro de Andalucia AB (754";"1510:825"
B780;2025-09-11;-3796.19;2;"Kundfaktura Juan Font Vinbar AB (7550)";"2621:-181.44 2611:-3614.75"
B781;2025-09-11;21916.75;3;"Kundfaktura Le Comptoir Gourmet AB (7551";"3002:-408 2611:-5366.25 1510:27691"
B782;2025-09-12;17558.50;3;"Kundfaktura Le Comptoir Gourmet AB (7552";"3002:-672 2611:-4369.5 1510:22600"
B783;2025-09-10;2457.60;2;"Kundfaktura Benson & Fredman AB (7554)";"2611:-614.4 1510:3072"
B785;2025-09-16;-1620.00;1;"Kundfaktura Spanska Köket i Göteborg AB ";"3051:-1620"
B786;2025-09-16;17461.50;3;"Kundfaktura Le Comptoir Gourmet AB (7556";"3002:-1602 2611:-4216.5 1510:23280"
B792;2025-09-24;-4087.50;2;"Kundfaktura Table 27 (7562)";"3051:-3270 2611:-817.5"
B793;2025-09-25;4982.50;2;"Kundfaktura Juan Font Vinbar AB (7563)";"3740:-0.5 1510:4983"
B797;2025-09-26;-4678.00;5;"Kundfaktura Le Comptoir Gourmet AB (7567";"3051:-2904 3002:-936 2611:-726 2621:-112.32 3740:0.32"
B799;2025-09-29;5145.00;1;"Kundfaktura Hörnan på Brantevik/Criadera";"1510:5145"
B800;2025-10-01;-1352.00;2;"Kundfaktura Juan Font Vinbar AB (7570)";"2611:-1351.5 3740:-0.5"
B801;2025-09-30;-35354.95;4;"Kundfaktura Le Comptoir Gourmet AB (7571";"3051:-27443 3052:-720 2611:-6860.75 2621:-331.2"
B802;2025-10-01;14081.25;2;"Kundfaktura Göteborgs Symfoniker AB (757";"3740:0.25 1510:14081"
B803;2025-10-01;-4110.00;2;"Kundfaktura Tuppen (7573)";"3051:-3288 2611:-822"
B804;2025-09-30;493.75;3;"Kundfaktura Maison Caillard (7574)";"3041:-1975 3740:-0.25 1510:2469"
B809;2025-10-03;20688.00;2;"Kundfaktura Le Comptoir Gourmet AB (7579";"2611:-5172 1510:25860"
B810;2025-10-03;-0.25;3;"Kundfaktura Le Comptoir Gourmet AB (7580";"3051:-5353 2611:-1338.25 1510:6691"
B811;2025-10-07;-619.00;2;"Kundfaktura Spanska Köket i Göteborg AB ";"2611:-618.75 3740:-0.25"
B814;2025-10-08;-7669.00;3;"Kundfaktura Juan Font Vinbar AB (7584)";"3051:-6135 2611:-1533.75 3740:-0.25"
B815;2025-10-10;2376.00;5;"Kundfaktura Le Comptoir Gourmet AB (7585";"3051:-28794 2611:-7198.5 2621:-285.12 3740:-0.38 1510:38654"
B816;2025-10-10;4745.00;1;"Kundfaktura Le Comptoir Gourmet AB (7586";"1510:4745"
B817;2025-10-13;4122.00;3;"Kundfaktura Juan Font Vinbar AB (7587)";"2611:-1030.5 3740:-0.5 1510:5153"
B818;2025-10-14;-16620.00;1;"Kundfaktura Bar Human (7588)";"3051:-16620"
B819;2025-10-14;-7543.20;2;"Kundfaktura Le Comptoir Gourmet AB (7589";"2611:-7500 2621:-43.2"
B823;2025-10-15;-2700.00;2;"Kundfaktura Per Warfvinge (7593)";"3051:-2160 2611:-540"
B828;2025-10-16;-121.25;2;"Kreditfaktura Juan Font Vinbar AB (7598)";"3740:-0.25 1510:-121"
B829;2025-09-30;-6540.00;2;"Kundfaktura Le Comptoir Gourmet AB (7600";"3051:-5232 2611:-1308"
B830;2025-10-21;-33132.00;1;"Kundfaktura Le Comptoir Gourmet AB (7601";"3051:-33132"
B831;2025-10-22;4110.00;1;"Kundfaktura Tuppen (7602)";"1510:4110"
B832;2025-10-22;23088.00;2;"Kundfaktura Juan Font Vinbar AB (7603)";"2611:-5772 1510:28860"
B833;2025-10-23;-6315.00;2;"Kundfaktura Le Comptoir Gourmet AB (7604";"3051:-5052 2611:-1263"
B834;2025-10-23;-5580.00;2;"Kundfaktura Table 27 (7605)";"3051:-4464 2611:-1116"
B835;2025-10-24;8668.75;2;"Kundfaktura Human restaurang AB (7606)";"3740:-0.25 1510:8669"
B836;2025-10-28;5697.00;5;"Kundfaktura Le Comptoir Gourmet AB (7608";"3051:-22788 3002:-2940 2621:-352.8 3740:-0.2 1510:31778"
B839;2025-10-29;-158.00;2;"Kundfaktura Systembolaget AB (7607)";"2611:-157.5 3740:-0.5"
B840;2025-10-29;288.00;5;"Kundfaktura Juan Font Vinbar AB (7611)";"3051:-12321 2611:-3080.25 2621:-34.56 3740:-0.19 1510:15724"
B841;2025-10-30;1533.00;5;"Kundfaktura Le Comptoir Gourmet AB (7615";"3051:-4692 3002:-432 2621:-95.04 3740:0.04 1510:6752"
B847;2025-10-17;23220.00;1;"Kundfaktura KGA Logistik AB (Systembolag";"1510:23220"
B848;2025-10-23;3870.00;3;"Kundfaktura KGA Logistik AB (Systembolag";"2611:-967.5 3740:-0.5 1510:4838"
B851;2025-10-28;-140288.00;3;"Kundfaktura KGA Logistik AB (Systembolag";"3051:-112230 2611:-28057.5 3740:-0.5"
B852;2025-10-29;-60372.00;1;"Kundfaktura KGA Logistik AB (Systembolag";"3051:-60372"
C2;2025-01-02;0.00;0;"Kundbet Juan Font Vinbar AB (7175)";""
C4;2025-01-02;0.00;0;"Kundbet Le Comptoir Gourmet AB (7183)";""
C8;2025-01-02;0.00;0;"Kundbet Le Comptoir Gourmet AB (7177)";""
C9;2025-01-02;-13695.00;1;"Kundbet Le Comptoir Gourmet AB (7179)";"1510:-13695"
C10;2025-01-02;0.00;0;"Kundbet Le Comptoir Gourmet AB (7176)";""
C11;2025-01-02;0.00;0;"Kundbet Le Comptoir Gourmet AB (7181)";""
C14;2025-01-07;0.00;0;"Kundbet Le Comptoir Gourmet AB (7185)";""
C24;2025-01-10;0.00;0;"Kundbet Le Comptoir Gourmet AB (7200)";""
C25;2025-01-23;-2880.00;1;"Kundbet Juan Font Vinbar AB (7212)";"1510:-2880"
C26;2025-01-23;0.00;0;"Kundbet Isabelle Restaurang AB (7211)";""
C27;2025-01-23;22094.00;1;"Kundbet Le Comptoir Gourmet AB (7210)";"1930:22094"
C28;2025-01-23;0.00;0;"Kundbet Le Comptoir Gourmet AB (7209)";""
C31;2025-01-15;-417.00;1;"Kundbet Meldon Food AB (7193)";"1510:-417"
C34;2025-01-24;46252.00;1;"Kundbet Le Comptoir Gourmet AB (7202)";"1920:46252"
C41;2025-02-04;0.00;0;"Kundbet Le Comptoir Gourmet AB (7220)";""
C43;2025-02-04;0.00;0;"Kundbet Le Comptoir Gourmet AB (7217)";""
C45;2025-02-06;0.00;0;"Kundbet Juan Font Vinbar AB (7213)";""
C46;2025-02-06;8935.00;1;"Kundbet Juan Font Vinbar AB (7222)";"1920:8935"
C47;2025-02-06;0.00;0;"Kundbet Göteborgs Symfoniker AB (7196)";""
C48;2025-02-07;4950.00;1;"Kundbet Jespers (7221)";"1920:4950"
C49;2025-02-07;-42195.00;1;"Kundbet Le Comptoir Gourmet AB (7224)";"1510:-42195"
C51;2025-01-29;0.00;0;"Kundbet Isabelle Restaurang AB (7214)";""
C53;2025-01-29;0.00;0;"Kundbet Isabelle Restaurang AB (7225)";""
C56;2025-02-11;0.00;0;"Kundbet Isabelle Restaurang AB (7239)";""
C57;2025-02-11;0.00;0;"Kundbet Juan Font Vinbar AB (7236)";""
C58;2025-02-11;0.00;0;"Kundbet Juan Font Vinbar AB (7240)";""
C60;2025-02-11;6885.00;1;"Kundbet Le Comptoir Gourmet AB (7229)";"1920:6885"
C62;2025-02-11;-540.00;1;"Kundbet Le Comptoir Gourmet AB (7231)";"1510:-540"
C67;2025-02-17;0.00;0;"Kundbet Le Comptoir Gourmet AB (7238)";""
C69;2025-02-19;-9003.00;1;"Kundbet Le Comptoir Gourmet AB (7246)";"1510:-9003"
C73;2025-02-17;-13530.00;1;"Kundbet Isabelle Restaurang AB (7250)";"1510:-13530"
C74;2025-02-17;-41993.00;1;"Kundbet Juan Font Vinbar AB (7247)";"1510:-41993"
C76;2025-02-21;0.00;0;"Kundbet Juan Font Vinbar AB (7253)";""
C78;2025-02-24;0.00;0;"Kundbet Le Comptoir Gourmet AB (7254)";""
C90;2025-03-07;0.00;0;"Kundbet Göteborg city mat och dryck Ab (";""
C91;2025-03-07;1436.00;1;"Kundbet Bar El Guiri AB (7257)";"1920:1436"
C92;2025-03-07;0.00;0;"Kundbet Systembolaget AB (7242)";""
C94;2025-03-10;-2430.00;1;"Kundbet Le Comptoir Gourmet AB (7271)";"1510:-2430"
C95;2025-03-10;-47042.00;1;"Kundbet Le Comptoir Gourmet AB (7270)";"1510:-47042"
C97;2025-03-10;-1875.00;1;"Kundbet Monferrato AB (7262)";"1510:-1875"
C101;2025-03-14;-23981.00;1;"Kundbet Juan Font Vinbar AB (7275)";"1510:-23981"
C103;2025-03-17;0.00;0;"Kundbet Le Comptoir Gourmet AB (7279)";""
C111;2025-03-21;-4050.00;1;"Kundbet Bar El Guiri AB (7280)";"1510:-4050"
C112;2025-03-25;0.00;0;"Kundbet Juan Font Vinbar AB (7285)";""
C113;2025-03-25;0.00;0;"Kundbet Isabelle Restaurang AB (7286)";""
C114;2025-03-26;3544.00;1;"Kundbet Restaurangbolaget The Golden Day";"1920:3544"
C115;2025-03-24;-7611.00;1;"Kundbet Le Comptoir Gourmet AB (7287)";"1510:-7611"
C116;2025-03-25;0.00;0;"Kundbet Le Comptoir Gourmet AB (7290)";""
C117;2025-03-25;0.00;0;"Kundbet Le Comptoir Gourmet AB (7294)";""
C124;2025-04-02;0.00;0;"Kundbet Bar El Guiri AB (7291)";""
C126;2025-04-03;0.00;0;"Kundbet Jespers (7292)";""
C127;2025-04-03;9624.00;1;"Kundbet Enbergs Restaurang AB (7296)";"1920:9624"
C128;2025-04-04;-16323.00;1;"Kundbet Juan Font Vinbar AB (7301)";"1510:-16323"
C131;2025-04-07;-2813.00;1;"Kundbet Nonna (Sangiovese KB) (7299)";"1510:-2813"
C132;2025-04-07;-2813.00;1;"Kundbet Enoteca del Signore (CA Lindqvis";"1510:-2813"
C134;2025-04-07;0.00;0;"Kundbet Isabelle Restaurang AB (7308)";""
C135;2025-04-07;0.00;0;"Kundbet Isabelle Restaurang AB (7309)";""
C137;2025-04-07;-39294.00;1;"Kundbet Le Comptoir Gourmet AB (7317)";"1510:-39294"
C138;2025-04-08;0.00;0;"Kundbet Bar El Guiri AB (7304)";""
C139;2025-04-08;0.00;0;"Kundbet Spanska Köket i Göteborg AB (730";""
C140;2025-04-09;-3930.00;1;"Kundbet Isabelle Restaurang AB (7320)";"1510:-3930"
C141;2025-04-09;-9416.00;1;"Kundbet Isabelle Restaurang AB (7323)";"1510:-9416"
C143;2025-04-10;0.00;0;"Kundbet Le Comptoir Gourmet AB (7321)";""
C145;2025-04-10;0.00;0;"Kundbet Le Comptoir Gourmet AB (7324)";""
C147;2025-04-14;-2903.00;1;"Kundbet Göteborg city mat och dryck Ab (";"1510:-2903"
C148;2025-04-14;0.00;0;"Kundbet Maison Caillard (7314)";""
C149;2025-04-14;-886.00;1;"Kundbet Meldon Food AB (7313)";"1510:-886"
C150;2025-04-15;0.00;0;"Kundbet Juan Font Vinbar AB (7325)";""
C151;2025-04-15;-27091.00;1;"Kundbet Juan Font Vinbar AB (7322)";"1510:-27091"
C152;2025-04-14;0.00;0;"Kundbet Le Comptoir Gourmet AB (7327)";""
C162;2025-04-22;0.00;0;"Kundbet Le Comptoir Gourmet AB (7350)";""
C165;2025-04-22;0.00;0;"Kundbet Juan Font Vinbar AB (7329)";""
C166;2025-04-22;-6266.00;1;"Kundbet Isabelle Restaurang AB (7337)";"1510:-6266"
C167;2025-04-24;-1313.00;1;"Kundbet Jespers (7334)";"1510:-1313"
C168;2025-04-24;0.00;0;"Kundbet Isabelle Restaurang AB (7341)";""
C170;2025-04-28;-14273.00;1;"Kundbet Juan Font Vinbar AB (7345)";"1510:-14273"
C171;2025-04-28;0.00;0;"Kundbet Isabelle Restaurang AB (7347)";""
C178;2025-05-06;-5094.00;1;"Kundbet Gurras SPG AB (7355)";"1510:-5094"
C187;2025-05-12;0.00;0;"Kundbet Isabelle Restaurang AB (7364)";""
C189;2025-05-13;0.00;0;"Kundbet Juan Font Vinbar AB (7335)";""
C194;2025-05-14;5730.00;1;"Kundbet Le Comptoir Gourmet AB (7365)";"1920:5730"
C195;2025-05-14;0.00;0;"Kundbet Le Comptoir Gourmet AB (7363)";""
C196;2025-05-16;8708.00;1;"Kundbet Le Comptoir Gourmet AB (7372)";"1920:8708"
C198;2025-05-19;0.00;0;"Kundbet Benson & Fredman AB (7352)";""
C199;2025-05-19;0.00;0;"Kundbet Le Comptoir Gourmet AB (7379)";""
C204;2025-05-20;-1568.00;1;"Kundbet Isabelle Restaurang AB (7373)";"1510:-1568"
C205;2025-05-22;0.00;0;"Kundbet Monferrato AB (Sorellina) (7378)";""
C206;2025-05-22;-3543.00;1;"Kundbet Enoteca del Signore (CA Lindqvis";"1510:-3543"
C207;2025-05-22;0.00;0;"Kundbet Nonna (Sangiovese KB) (7377)";""
C216;2025-06-04;-41415.00;1;"Kundbet Le Comptoir Gourmet AB (7384)";"1510:-41415"
C221;2025-06-10;1035.00;1;"Kundbet Le Comptoir Gourmet AB (7392)";"1510:1035"
C222;2025-06-10;0.00;0;"Kundbet Le Comptoir Gourmet AB (7398)";""
C223;2025-06-11;-42670.00;1;"Kundbet Hörnan på Brantevik (7399)";"1510:-42670"
C224;2025-06-11;0.00;0;"Kundbet Hörnan på Brantevik (7400)";""
C225;2025-06-13;0.00;0;"Kundbet Benson & Fredman AB (7383)";""
C227;2025-06-16;0.00;0;"Kundbet Maison Caillard (7408)";""
C228;2025-06-17;-1875.00;1;"Kundbet Monferrato AB (Sorellina) (7406)";"1510:-1875"
C231;2025-06-19;-37224.00;1;"Kundbet Le Comptoir Gourmet AB (7416)";"1510:-37224"
C232;2025-06-19;0.00;0;"Kundbet Le Comptoir Gourmet AB (7402)";""
C233;2025-06-19;0.00;0;"Kundbet Le Comptoir Gourmet AB (7411)";""
C235;2025-06-19;0.00;0;"Kundbet Juan Font Vinbar AB (7407)";""
C236;2025-06-23;0.00;0;"Kundbet Benson & Fredman AB (7395)";""
C238;2025-06-23;0.00;0;"Kundbet Juan Font Vinbar AB (7419)";""
C242;2025-06-27;-33838.00;1;"Kundbet Le Comptoir Gourmet AB (7418)";"1510:-33838"
C247;2025-06-27;2363.00;1;"Kundbet Isabelle Restaurang AB (7421)";"1920:2363"
C248;2025-06-30;368.00;1;"Kundbet Hanna JF (7401)";"1920:368"
C250;2025-07-01;0.00;0;"Kundbet Kunkler & Sunkler Kommanditbolag";""
C251;2025-07-01;0.00;0;"Kundbet Hörnan på Brantevik (7432)";""
C252;2025-07-03;0.00;0;"Kundbet Spanska Köket i Göteborg AB (742";""
C253;2025-07-04;0.00;0;"Kundbet Le Comptoir Gourmet AB (7435)";""
C259;2025-07-14;0.00;0;"Kundbet Maison Caillard (7437)";""
C260;2025-07-14;0.00;0;"Kundbet Juan Font Vinbar AB (7441)";""
C261;2025-07-15;0.00;0;"Kundbet Hörnan på Brantevik/Criadera AB ";""
C265;2025-07-18;0.00;0;"Kundbet Benson & Fredman AB (7428)";""
C268;2025-07-21;-8588.00;1;"Kundbet Hörnan på Brantevik/Criadera AB ";"1510:-8588"
C272;2025-07-23;2849.00;1;"Kundbet Le Comptoir Gourmet AB (7455)";"1920:2849"
C274;2025-07-23;-31689.00;1;"Kundbet Le Comptoir Gourmet AB (7439)";"1510:-31689"
C275;2025-07-23;0.00;0;"Kundbet Le Comptoir Gourmet AB (7456)";""
C278;2025-07-23;0.00;0;"Kundbet Juan Font Vinbar AB (7454)";""
C279;2025-07-25;0.00;0;"Kundbet Le Comptoir Gourmet AB (7458)";""
C280;2025-07-25;0.00;0;"Kundbet Le Comptoir Gourmet AB (7457)";""
C281;2025-07-25;-38046.00;1;"Kundbet Le Comptoir Gourmet AB (7459)";"1510:-38046"
C282;2025-07-28;0.00;0;"Kundbet Hörnan på Brantevik/Criadera AB ";""
C283;2025-07-29;0.00;0;"Kundbet Gurras SPG AB (7460)";""
C284;2025-08-01;0.00;0;"Kundbet Benson & Fredman AB (7438)";""
C293;2025-08-04;1163.00;1;"Kundbet Systembolaget AB (7494)";"1510:1163"
C296;2025-08-04;3150.00;1;"Kundbet Systembolaget AB (7492)";"1930:3150"
C298;2025-08-04;-34676.00;1;"Kundbet Le Comptoir Gourmet AB (7472)";"1510:-34676"
C299;2025-08-05;0.00;0;"Kundbet Juan Font Vinbar AB (7474)";""
C302;2025-08-07;10041.00;1;"Kundbet Table 27 (7473)";"1920:10041"
C305;2025-08-11;-1400.00;1;"Kundbet Le Comptoir Gourmet AB (7488)";"1510:-1400"
C306;2025-08-11;0.00;0;"Kundbet Le Comptoir Gourmet AB (7487)";""
C307;2025-08-11;0.00;0;"Kundbet Le Comptoir Gourmet AB (7489)";""
C309;2025-08-11;0.00;0;"Kundbet Hörnan på Brantevik/Criadera AB ";""
C310;2025-08-11;0.00;0;"Kundbet Hörnan på Brantevik/Criadera AB ";""
C311;2025-08-12;0.00;0;"Kundbet Isabelle Restaurang AB (7484)";""
C312;2025-08-13;0.00;0;"Kundbet Enoteca del Signore (CA Lindqvis";""
C315;2025-08-14;-20979.00;1;"Kundbet Le Comptoir Gourmet AB (7479)";"1510:-20979"
C316;2025-08-15;0.00;0;"Kundbet Le Comptoir Gourmet AB (7503)";""
C317;2025-08-15;0.00;0;"Kundbet Le Comptoir Gourmet AB (7502)";""
C322;2025-01-02;0.00;0;"Kundbet Isabelle Restaurang AB (7178)";""
C324;2025-01-02;0.00;0;"Kundbet Juan Font Vinbar AB (7175)";""
C326;2025-01-02;0.00;0;"Kundbet Juan Font Vinbar AB (7182)";""
C328;2025-01-02;-33179.00;1;"Kundbet Le Comptoir Gourmet AB (7183)";"1510:-33179"
C329;2025-08-20;-1676.23;1;"Kundbet The Sustainable Spirit Co. (7524";"1920:-1676.23"
C331;2025-08-20;1676.23;1;"Kundbet The Sustainable Spirit Co. (4022";"1920:1676.23"
C333;2025-08-20;-1743.00;1;"Kundbet J.M.A.G. Restaurang AB (7525)";"1920:-1743"
C336;2025-01-02;-242.00;1;"Kundbet Le Comptoir Gourmet AB (7177)";"1510:-242"
C337;2025-08-20;699.00;1;"Kundbet unBooze AB (5265)";"1510:699"
C339;2025-08-20;375.00;1;"Kundbet Holy Smoke (3424)";"1510:375"
C341;2025-08-20;-27.00;1;"Kundbet Bar El Guiri AB (7257)";"1510:-27"
C343;2025-08-20;6300.00;1;"Kundbet Table 27 (7506)";"1920:6300"
C346;2025-01-07;-18390.00;1;"Kundbet Juan Font Vinbar AB (7188)";"1510:-18390"
C347;2025-08-20;26136.00;1;"Kundbet Le Comptoir Gourmet AB (7446)";"1920:26136"
C349;2025-08-20;30932.00;1;"Kundbet Le Comptoir Gourmet AB (7430)";"1920:30932"
C351;2025-08-20;6923.00;1;"Kundbet Le Comptoir Gourmet AB (7427)";"1920:6923"
C353;2025-08-20;900.00;1;"Kundbet Le Comptoir Gourmet AB (7431)";"1920:900"
C356;2025-01-07;0.00;0;"Kundbet Le Comptoir Gourmet AB (7192)";""
C357;2025-08-20;7857.00;1;"Kundbet Hörnan på Brantevik/Criadera AB ";"1920:7857"
C359;2025-08-20;2138.00;1;"Kundbet Hörnan på Brantevik/Criadera AB ";"1920:2138"
C361;2025-08-22;18547.00;1;"Kundbet Le Comptoir Gourmet AB (7510)";"1920:18547"
C363;2025-08-25;26823.00;1;"Kundbet Le Comptoir Gourmet AB (7511)";"1920:26823"
C366;2025-01-09;0.00;0;"Kundbet Juan Font Vinbar AB (7199)";""
C368;2025-08-25;0.00;0;"Kundbet Le Comptoir Gourmet AB (7515)";""
C370;2025-08-25;0.00;0;"Kundbet Le Comptoir Gourmet AB (7517)";""
C372;2025-08-26;0.00;0;"Kundbet Juan Font Vinbar AB (7514)";""
C374;2025-09-01;0.00;0;"Kundbet Benson & Fredman AB (7493)";""
C375;2025-01-23;2770.00;1;"Kundbet Le Comptoir Gourmet AB (7209)";"1930:2770"
C378;2025-09-02;-2813.00;1;"Kundbet Spanska Köket i Göteborg AB (752";"1510:-2813"
C380;2025-09-03;-2267.00;1;"Kundbet Enbergs Restaurang AB (7528)";"1510:-2267"
C382;2025-09-03;-30120.00;1;"Kundbet Hörnan på Brantevik/Criadera AB ";"1510:-30120"
C384;2025-09-04;-6212.00;1;"Kundbet Benson & Fredman AB (7499)";"1510:-6212"
C386;2025-09-08;-27979.00;1;"Kundbet Le Comptoir Gourmet AB (7523)";"1510:-27979"
C388;2025-09-08;-2097.00;1;"Kundbet Le Comptoir Gourmet AB (7536)";"1510:-2097"
C392;2025-09-08;-2593.00;1;"Kundbet Le Comptoir Gourmet AB (7535)";"1510:-2593"
C394;2025-09-08;-5305.00;1;"Kundbet Le Comptoir Gourmet AB (7532)";"1510:-5305"
C396;2025-09-08;-4680.00;1;"Kundbet Le Comptoir Gourmet AB (7526)";"1510:-4680"
C397;2025-01-30;2325.00;1;"Kundbet Spanska Köket i Göteborg AB (720";"1920:2325"
C399;2025-02-03;21408.00;1;"Kundbet Juan Font Vinbar AB (7219)";"1920:21408"
C402;2025-09-10;-6188.00;1;"Kundbet Table 27 (7534)";"1510:-6188"
C403;2025-02-04;11610.00;1;"Kundbet Le Comptoir Gourmet AB (7218)";"1920:11610"
C405;2025-02-04;8716.00;1;"Kundbet Le Comptoir Gourmet AB (7217)";"1920:8716"
C407;2025-02-06;-345.00;1;"Kundbet Juan Font Vinbar AB (7215)";"1920:-345"
C410;2025-09-15;-16776.00;1;"Kundbet Le Comptoir Gourmet AB (7544)";"1510:-16776"
C412;2025-09-15;-22444.00;1;"Kundbet Juan Font Vinbar AB (7543)";"1510:-22444"
C413;2025-02-06;34369.00;1;"Kundbet Göteborgs Symfoniker AB (7196)";"1920:34369"
C415;2025-02-07;4950.00;1;"Kundbet Jespers (7221)";"1920:4950"
C418;2025-09-22;0.00;0;"Kundbet Benson & Fredman AB (7530)";""
C420;2025-09-22;0.00;0;"Kundbet Juan Font Vinbar AB (7550)";""
C422;2025-09-03;-4312.50;2;"Kundbet Systembolaget AB (7496)";"1510:-4313 3740:0.5"
C425;2025-01-29;-2325.00;1;"Kundbet Isabelle Restaurang AB (7225)";"1510:-2325"
C449;2025-02-13;-11100.00;1;"Kundbet Göteborgs Symfoniker AB (7204)";"1510:-11100"
C451;2025-02-14;-2969.00;1;"Kundbet Maison Caillard (7233)";"1510:-2969"
C461;2025-02-19;-4208.00;1;"Kundbet Le Comptoir Gourmet AB (7251)";"1510:-4208"
C465;2025-02-17;-13530.00;1;"Kundbet Isabelle Restaurang AB (7250)";"1510:-13530"
C488;2025-10-16;-1219.00;1;"Kundbet Café Havanna Handelsbolag (7576)";"1510:-1219"
C490;2025-10-16;-4413.00;1;"Kundbet Restaurangbolaget The Golden Day";"1510:-4413"
C492;2025-10-16;-2700.00;1;"Kundbet Per Warfvinge (7593)";"1510:-2700"
C494;2025-10-20;-5145.00;1;"Kundbet Hörnan på Brantevik/Criadera AB ";"1510:-5145"
C496;2025-10-20;14545.00;1;"Kundbet Hörnan på Brantevik/Criadera AB ";"1510:14545"
C498;2025-10-17;-12490.00;1;"Kundbet Le Comptoir Gourmet AB (7582)";"1510:-12490"
C500;2025-10-17;-2500.00;1;"Kundbet Tryffelkranen AB (7596)";"1510:-2500"
C502;2025-09-25;-3210.00;2;"Kundbet Spanska Köket i Göteborg AB (751";"1510:-3165 3540:-45"
C504;2025-10-09;-600.00;1;"Kundbet Per Warfvinge (7568)";"1510:-600"
C506;2025-10-20;-38654.00;1;"Kundbet Le Comptoir Gourmet AB (7585)";"1510:-38654"
C508;2025-10-20;-4745.00;1;"Kundbet Le Comptoir Gourmet AB (7586)";"1510:-4745"
C510;2025-10-21;-7669.00;1;"Kundbet Juan Font Vinbar AB (7584)";"1510:-7669"
C512;2025-10-24;-37903.00;1;"Kundbet Le Comptoir Gourmet AB (7589)";"1510:-37903"
C514;2025-10-24;121.00;1;"Kundbet Juan Font Vinbar AB (7598)";"1510:121"
C516;2025-10-24;-5153.00;1;"Kundbet Juan Font Vinbar AB (7587)";"1510:-5153"
C518;2025-10-27;-2137.00;1;"Kundbet Le Comptoir Gourmet AB (7595)";"1510:-2137"
C520;2025-10-27;-32183.00;1;"Kundbet Le Comptoir Gourmet AB (7597)";"1510:-32183"
C522;2025-10-27;-26271.00;1;"Kundbet Juan Font Vinbar AB (7592)";"1510:-26271"
C524;2025-10-28;-3094.00;1;"Kundbet Spanska Köket i Göteborg AB (758";"1510:-3094"
C526;2025-10-28;-4175.00;1;"Kundbet Table 27 (7590)";"1510:-4175"
C528;2025-10-28;-20775.00;1;"Kundbet Bar Human (7588)";"1510:-20775"
C538;2025-03-20;0.00;0;"Kundbet Vinihörnet AB (7276)";""
C539;2025-03-21;4050.00;1;"Kundbet Bar El Guiri AB (7280)";"1920:4050"
C541;2025-03-25;-6506.00;1;"Kundbet Isabelle Restaurang AB (7286)";"1510:-6506"
C548;2025-03-27;0.00;0;"Kundbet Le Comptoir Gourmet AB (7302)";""
C549;2025-03-27;0.00;0;"Kundbet Le Comptoir Gourmet AB (7303)";""
C555;2025-04-03;-9624.00;1;"Kundbet Enbergs Restaurang AB (7296)";"1510:-9624"
C556;2025-04-04;-16323.00;1;"Kundbet Juan Font Vinbar AB (7301)";"1510:-16323"
C558;2025-04-07;-1875.00;1;"Kundbet Monferrato AB (Sorellina) (7300)";"1510:-1875"
C559;2025-04-07;0.00;0;"Kundbet Nonna (Sangiovese KB) (7299)";""
C560;2025-04-07;2813.00;1;"Kundbet Enoteca del Signore (CA Lindqvis";"1920:2813"
C562;2025-04-07;0.00;0;"Kundbet Isabelle Restaurang AB (7308)";""
C563;2025-04-07;0.00;0;"Kundbet Isabelle Restaurang AB (7309)";""
C565;2025-04-07;-39294.00;1;"Kundbet Le Comptoir Gourmet AB (7317)";"1510:-39294"
C566;2025-04-08;0.00;0;"Kundbet Bar El Guiri AB (7304)";""
C567;2025-04-08;2190.00;1;"Kundbet Spanska Köket i Göteborg AB (730";"1920:2190"
C569;2025-04-09;-9416.00;1;"Kundbet Isabelle Restaurang AB (7323)";"1510:-9416"
C570;2025-04-09;0.00;0;"Kundbet Gurras SPG AB (7307)";""
C572;2025-04-10;-9637.00;1;"Kundbet Le Comptoir Gourmet AB (7319)";"1510:-9637"
C576;2025-04-14;-1850.00;1;"Kundbet Maison Caillard (7314)";"1510:-1850"
C577;2025-04-14;0.00;0;"Kundbet Meldon Food AB (7313)";""
C578;2025-04-15;0.00;0;"Kundbet Juan Font Vinbar AB (7325)";""
C580;2025-04-14;0.00;0;"Kundbet Le Comptoir Gourmet AB (7327)";""
C581;2025-04-14;0.00;0;"Kundbet Le Comptoir Gourmet AB (7328)";""
C584;2025-04-17;-1635.00;1;"Kundbet Göteborgs Symfoniker AB (7289)";"1510:-1635"
C589;2025-04-22;0.00;0;"Kundbet Le Comptoir Gourmet AB (7344)";""
C595;2025-04-24;-1313.00;1;"Kundbet Jespers (7334)";"1510:-1313"
C596;2025-04-24;0.00;0;"Kundbet Isabelle Restaurang AB (7341)";""
C597;2025-04-25;0.00;0;"Kundbet Table 27 (7336)";""
C600;2025-04-30;-735.00;1;"Kundbet Café Havanna Handelsbolag (7349)";"1510:-735"
C601;2025-04-30;-19800.00;1;"Kundbet Göteborgs Symfoniker AB (7318)";"1510:-19800"
C602;2025-05-02;0.00;0;"Kundbet Juan Font Vinbar AB (7353)";""
C603;2025-05-02;0.00;0;"Kundbet Juan Font Vinbar AB (7357)";""
C605;2025-05-05;0.00;0;"Kundbet Le Comptoir Gourmet AB (7358)";""
C606;2025-05-06;0.00;0;"Kundbet Gurras SPG AB (7355)";""
C608;2025-05-07;0.00;0;"Kundbet Le Comptoir Gourmet AB (7354)";""
C613;2025-05-09;0.00;0;"Kundbet Le Comptoir Gourmet AB (7362)";""
C614;2025-05-12;0.00;0;"Kundbet GourméGott Nordic AB (7346)";""
C616;2025-05-13;720.00;1;"Kundbet Juan Font Vinbar AB (7348)";"1510:720"
C617;2025-05-13;0.00;0;"Kundbet Juan Font Vinbar AB (7335)";""
C620;2025-05-14;0.00;0;"Kundbet Maison Caillard (7368)";""
C621;2025-05-14;0.00;0;"Kundbet Le Comptoir Gourmet AB (7380)";""
C622;2025-05-14;5730.00;1;"Kundbet Le Comptoir Gourmet AB (7365)";"1920:5730"
C624;2025-05-16;0.00;0;"Kundbet Le Comptoir Gourmet AB (7372)";""
C625;2025-05-16;0.00;0;"Kundbet Juan Font Vinbar AB (7370)";""
C634;2025-05-22;0.00;0;"Kundbet Enoteca del Signore (CA Lindqvis";""
C635;2025-05-22;0.00;0;"Kundbet Nonna (Sangiovese KB) (7377)";""
C638;2025-05-27;-3240.00;1;"Kundbet Juan Font Vinbar AB (7388)";"1510:-3240"
C640;2025-05-28;735.00;1;"Kundbet Linn Engström (7389)";"1920:735"
C642;2025-06-04;-25601.00;1;"Kundbet Le Comptoir Gourmet AB (7387)";"1510:-25601"
C643;2025-06-04;0.00;0;"Kundbet Le Comptoir Gourmet AB (7390)";""
C645;2025-06-04;0.00;0;"Kundbet Le Comptoir Gourmet AB (7391)";""
C647;2025-06-09;-3871.00;1;"Kundbet Göteborg City Mat och Dryck AB (";"1510:-3871"
C650;2025-06-10;-6058.00;1;"Kundbet Le Comptoir Gourmet AB (7398)";"1510:-6058"
C651;2025-06-11;0.00;0;"Kundbet Hörnan på Brantevik (7399)";""
C654;2025-06-13;0.00;0;"Kundbet El Toro de Andalucia AB (7409)";""
C656;2025-06-17;-1875.00;1;"Kundbet Monferrato AB (Sorellina) (7406)";"1510:-1875"
C657;2025-06-17;-3543.00;1;"Kundbet Enoteca del Signore (CA Lindqvis";"1510:-3543"
C658;2025-06-17;0.00;0;"Kundbet Nonna (Sangiovese KB) (7404)";""
C659;2025-06-19;37224.00;1;"Kundbet Le Comptoir Gourmet AB (7416)";"1920:37224"
C663;2025-06-19;-48045.00;1;"Kundbet Juan Font Vinbar AB (7407)";"1510:-48045"
C664;2025-06-23;0.00;0;"Kundbet Benson & Fredman AB (7395)";""
C665;2025-06-23;0.00;0;"Kundbet Le Comptoir Gourmet AB (7415)";""
C673;2025-06-27;-18990.00;1;"Kundbet Isabelle Restaurang AB (7410)";"1510:-18990"
C684;2025-07-08;-4838.00;1;"Kundbet Le Comptoir Gourmet AB (7434)";"1510:-4838"
C685;2025-07-08;0.00;0;"Kundbet Le Comptoir Gourmet AB (7433)";""
C686;2025-07-10;15771.00;1;"Kundbet Hörnan på Brantevik (7444)";"1920:15771"
C687;2025-07-14;-2131.00;1;"Kundbet Maison Caillard (7437)";"1510:-2131"
C688;2025-07-14;0.00;0;"Kundbet Juan Font Vinbar AB (7441)";""
C700;2025-07-23;0.00;0;"Kundbet Le Comptoir Gourmet AB (7455)";""
C701;2025-07-23;0.00;0;"Kundbet Le Comptoir Gourmet AB (7440)";""
C702;2025-07-23;31689.00;1;"Kundbet Le Comptoir Gourmet AB (7439)";"1920:31689"
C703;2025-07-23;-26438.00;1;"Kundbet Le Comptoir Gourmet AB (7456)";"1510:-26438"
C704;2025-07-23;-43321.00;1;"Kundbet Le Comptoir Gourmet AB (7447)";"1510:-43321"
C705;2025-07-23;0.00;0;"Kundbet Le Comptoir Gourmet AB (7448)";""
C706;2025-07-23;0.00;0;"Kundbet Juan Font Vinbar AB (7454)";""
C710;2025-07-28;0.00;0;"Kundbet Hörnan på Brantevik/Criadera AB ";""
C711;2025-07-29;2475.00;1;"Kundbet Gurras SPG AB (7460)";"1920:2475"
C712;2025-08-01;-3028.00;1;"Kundbet Benson & Fredman AB (7438)";"1510:-3028"
C716;2025-08-01;0.00;0;"Kundbet Le Comptoir Gourmet AB (7467)";""
C717;2025-08-01;0.00;0;"Kundbet Le Comptoir Gourmet AB (7468)";""
C719;2025-08-01;0.00;0;"Kundbet Hörnan på Brantevik/Criadera AB ";""
C720;2025-08-01;0.00;0;"Kundbet Hörnan på Brantevik/Criadera AB ";""
C722;2025-08-04;0.00;0;"Kundbet Systembolaget AB (7491)";""
C731;2025-08-11;0.00;0;"Kundbet Benson & Fredman AB (7450)";""
C733;2025-08-11;-1400.00;1;"Kundbet Le Comptoir Gourmet AB (7488)";"1510:-1400"
C736;2025-08-11;0.00;0;"Kundbet Hörnan på Brantevik/Criadera AB ";""
C740;2025-08-13;0.00;0;"Kundbet Enoteca del Signore (CA Lindqvis";""
C741;2025-08-13;-2100.00;1;"Kundbet Café Havanna Handelsbolag (7483)";"1510:-2100"
C743;2025-08-14;-20979.00;1;"Kundbet Le Comptoir Gourmet AB (7479)";"1510:-20979"
C744;2025-08-15;0.00;0;"Kundbet Le Comptoir Gourmet AB (7503)";""
C747;2025-08-18;0.00;0;"Kundbet El Toro de Andalucia AB (7504)";""
C748;2025-08-18;1375.00;1;"Kundbet El Toro de Andalucia AB (7497)";"1920:1375"
C749;2025-08-18;-15021.00;1;"Kundbet Le Comptoir Gourmet AB (7508)";"1510:-15021"
C750;2025-08-18;0.00;0;"Kundbet Juan Font Vinbar AB (7505)";""
C754;2025-08-20;-1676.23;1;"Kundbet The Sustainable Spirit Co. (4022";"1510:-1676.23"
C757;2025-08-20;699.00;1;"Kundbet unBooze AB (5265)";"1510:699"
C759;2025-08-20;27.00;1;"Kundbet Bar El Guiri AB (7257)";"4010:27"
C760;2025-08-20;0.00;0;"Kundbet Table 27 (7506)";""
C761;2025-08-20;43418.00;1;"Kundbet Le Comptoir Gourmet AB (7509)";"1920:43418"
C763;2025-08-20;-30932.00;1;"Kundbet Le Comptoir Gourmet AB (7430)";"1510:-30932"
C767;2025-08-20;7857.00;1;"Kundbet Hörnan på Brantevik/Criadera AB ";"1920:7857"
C769;2025-08-22;-18547.00;1;"Kundbet Le Comptoir Gourmet AB (7510)";"1510:-18547"
C770;2025-08-25;0.00;0;"Kundbet Le Comptoir Gourmet AB (7511)";""
C771;2025-08-25;0.00;0;"Kundbet Le Comptoir Gourmet AB (7513)";""
C777;2025-09-02;2813.00;1;"Kundbet Spanska Köket i Göteborg AB (752";"1920:2813"
C779;2025-09-03;0.00;0;"Kundbet Hörnan på Brantevik/Criadera AB ";""
C780;2025-09-04;-6212.00;1;"Kundbet Benson & Fredman AB (7499)";"1510:-6212"
C781;2025-09-08;0.00;0;"Kundbet Le Comptoir Gourmet AB (7523)";""
C782;2025-09-08;0.00;0;"Kundbet Le Comptoir Gourmet AB (7536)";""
C783;2025-09-08;0.00;0;"Kundbet Le Comptoir Gourmet AB (7537)";""
C784;2025-09-08;0.00;0;"Kundbet Le Comptoir Gourmet AB (7535)";""
C787;2025-09-08;-12181.00;1;"Kundbet Le Comptoir Gourmet AB (7531)";"1510:-12181"
C790;2025-09-12;0.00;0;"Kundbet El Toro de Andalucia AB (7540)";""
C791;2025-09-12;0.00;0;"Kundbet Le Comptoir Gourmet AB (7541)";""
C794;2025-09-15;-22444.00;1;"Kundbet Juan Font Vinbar AB (7543)";"1510:-22444"
C795;2025-09-16;0.00;0;"Kundbet El Toro de Andalucia AB (7542)";""
C801;2025-09-24;0.00;0;"Kundbet El Toro de Andalucia AB (7546)";""
C803;2025-09-24;-17986.00;1;"Kundbet Le Comptoir Gourmet AB (7548)";"1510:-17986"
C806;2025-09-25;-1485.00;1;"Kundbet Spanska Köket i Göteborg AB (754";"1510:-1485"
C807;2025-09-26;0.00;0;"Kundbet Le Comptoir Gourmet AB (7556)";""
C808;2025-10-01;2775.00;1;"Kundbet Göteborgs Symfoniker AB (7538)";"1920:2775"
C810;2025-10-03;-2025.00;1;"Kundbet Spanska Köket i Göteborg AB (755";"1510:-2025"
C817;2025-10-08;4678.00;1;"Kundbet Le Comptoir Gourmet AB (7567)";"1920:4678"
C820;2025-10-08;0.00;0;"Kundbet Systembolaget AB (7545)";""
C821;2025-10-09;0.00;0;"Kundbet Gurras SPG AB (7564)";""
C829;2025-10-14;-2469.00;1;"Kundbet Maison Caillard (7574)";"1510:-2469"
C830;2025-10-15;0.00;0;"Kundbet Le Comptoir Gourmet AB (7580)";""
C831;2025-10-15;0.00;0;"Kundbet Le Comptoir Gourmet AB (7579)";""
C839;2025-09-25;3210.00;1;"Kundbet Spanska Köket i Göteborg AB (751";"1920:3210"
C840;2025-10-09;600.00;1;"Kundbet Per Warfvinge (7568)";"1920:600"
C841;2025-10-20;38654.00;1;"Kundbet Le Comptoir Gourmet AB (7585)";"1920:38654"
C842;2025-10-20;4745.00;1;"Kundbet Le Comptoir Gourmet AB (7586)";"1920:4745"
C845;2025-10-24;-121.00;1;"Kundbet Juan Font Vinbar AB (7598)";"1920:-121"
C848;2025-10-27;32183.00;1;"Kundbet Le Comptoir Gourmet AB (7597)";"1920:32183"
C854;2025-10-31;0.00;0;"Kundbet Le Comptoir Gourmet AB (7600)";""
C855;2025-10-31;0.00;0;"Kundbet Le Comptoir Gourmet AB (7601)";""
C856;2025-10-31;0.00;0;"Kundbet Göteborgs Symfoniker AB (7572)";""
D4;2025-01-14;-4745.46;2;"Levfakt Freja Transport & Logistics AB (";"2440:-5931.83 2641:1186.37"
D5;2025-01-17;-6136.18;1;"Levfakt Freja Transport & Logistics AB (";"2440:-6136.18"
D8;2025-01-27;46709.00;4;"Levfakt SL-Montage Elkonstruktioner AB (";"2641:9341.75 1790:37367.25 2990:-2864 5020:2864"
D10;2025-01-28;4904.38;1;"Levfakt Freja Transport & Logistics AB (";"4070:4904.38"
D11;2025-01-28;5931.83;2;"Levfakt Freja Transport & Logistics AB (";"2641:1186.37 4070:4745.46"
D13;2025-01-19;-7874.43;2;"Levfakt Näringsliv. Producentansv. i Sv.";"2440:-9843 2641:1968.57"
D15;2025-01-13;-7113.85;3;"Levfakt Bodegas Santiago Roma S.L (2433)";"2440:-7113.85 2614:-1778.52 2645:1778.52"
D16;2025-01-09;6517.38;3;"Levfakt CID Berm£dez S.L. (2432)";"4056:6517.38 2615:-1629.35 2645:1629.35"
D26;2025-01-22;51351.52;3;"Levfakt Vignobles Berthier Sarl CFB (244";"2645:12837.88 2614:-12837.88 1790:51351.52"
D27;2025-02-19;-21118.76;2;"Levfakt Canals Nadal S.L (2440)";"2440:-28158.35 2645:7039.59"
D28;2025-02-12;453.00;1;"Levfakt TRÄNGSELSKATT TRANSPORTSTYRELSEN";"5616:453"
D29;2025-02-25;5943.65;2;"Levfakt Freja Transport & Logistics AB (";"2641:1188.73 4070:4754.92"
D35;2025-02-18;-11122.93;3;"Levfakt SAS Vins Belle (2452)";"2440:-44491.72 2615:-11122.93 1790:44491.72"
D36;2025-03-04;11413.06;2;"Levfakt MAS Foraster 1923 SL (2450)";"4056:15217.41 2615:-3804.35"
D38;2025-02-25;17972.12;3;"Levfakt Pagos de Vallejo S.I. (2448)";"2615:-4493.09 2645:4493.09 1790:17972.12"
D39;2025-03-11;37964.75;2;"Levfakt SL-Montage Elkonstruktioner AB (";"5020:3462 1710:34502.75"
D40;2025-02-28;-25127.24;2;"Levfakt Brasserie d'Olt (2453)";"2440:-22435.07 2625:-2692.17"
D41;2025-03-12;4741.16;1;"Levfakt Freja Transport & Logistics AB (";"4070:4741.16"
D45;2025-03-18;5934.50;2;"Levfakt Freja Transport & Logistics AB (";"2641:1186.9 4070:4747.6"
D50;2025-03-12;33064.73;3;"Levfakt Domain Sibille (2463)";"4056:33064.73 2615:-8266.18 2645:8266.18"
D54;2025-03-28;5657.50;2;"Levfakt Freja Transport & Logistics AB (";"2641:1131.5 4070:4526"
D66;2025-04-07;976.89;1;"Levfakt ZIKLO BANK AB (2478)";"5611:976.89"
D67;2025-04-08;9364.00;2;"Levfakt SANTANDER CONSUMER BANK AS NORGE";"2641:936.38 1790:8427.62"
D69;2025-04-17;564.00;1;"Levfakt Freja Transport & Logistics AB (";"4070:564"
D70;2025-04-16;5942.69;2;"Levfakt Freja Transport & Logistics AB (";"2641:1188.54 4070:4754.15"
D71;2025-04-16;-3754.00;2;"Levfakt Freja Transport & Logistics AB (";"2440:-4692.5 2641:938.5"
D74;2025-04-11;442.00;1;"Levfakt TRÄNGSELSKATT TRANSPORTSTYRELSEN";"5616:442"
D75;2025-04-25;27697.38;3;"Levfakt Compania Vitiviicola Tandem S.A ";"2615:-6924.34 2645:6924.34 1790:27697.38"
D76;2025-04-25;-2717.04;2;"Levfakt Jansen Logistics (2486)";"2440:-3622.79 2645:905.75"
D81;2025-04-01;12070.66;3;"Levfakt Vignobles Berthier Sarl CFB (249";"2645:3017.66 2614:-3017.66 4072:12070.66"
D82;2025-04-25;-16287.72;2;"Levfakt Sarl Louis Barthelemy (2493)";"2440:-21716.96 2645:5429.24"
D83;2025-04-03;1286.46;3;"Levfakt Mme Vauvrecy Boutet Martine (249";"4056:1286.46 2615:-321.62 2645:321.62"
D85;2025-05-05;36534.41;2;"Levfakt Vignobles Berthier Sarl CFB (249";"2614:-12178.21 4056:48712.62"
D96;2025-05-20;4897.83;1;"Levfakt Freja Transport & Logistics AB (";"4070:4897.83"
D97;2025-06-13;45988.00;2;"Levfakt SL-Montage Elkonstruktioner AB (";"2641:9197.5 1790:36790.5"
D99;2025-06-01;4278.00;2;"Levfakt Securitas Direct Sverige AB (250";"2641:855.58 1790:3422.42"
D100;2025-06-03;-183.92;2;"Levfakt Fortnox Aktiebolag (2508)";"2440:-230 2641:46.08"
D101;2025-06-02;-1253.61;2;"Levfakt Fortnox Aktiebolag (2507)";"2440:-1567 2641:313.39"
D102;2025-05-30;4000.00;1;"Levfakt GOTEBORG FOTO OCH FILM AB (2506)";"5900:4000"
D103;2025-06-09;3270.00;2;"Levfakt ZIKLO BANK AB (2518)";"2641:654.09 5611:2615.91"
D104;2025-06-10;-8456.50;2;"Levfakt SANTANDER CONSUMER BANK AS NORGE";"2440:-9396 2641:939.5"
D105;2025-06-04;-24993.69;2;"Levfakt Domain Sibille (2516)";"2440:-33324.96 2645:8331.27"
D106;2025-05-16;19264.29;2;"Levfakt SAS Brasseri D'OLT (2527)";"4057:21891.2 2625:-2626.91"
D107;2025-06-12;-33216.58;2;"Levfakt SAS Vins Belle (2526)";"2440:-44288.77 2645:11072.19"
D108;2025-06-06;9307.00;2;"Levfakt VOLKSWAGEN FINANS SVERIGE AB (25";"2641:900.07 5615:8406.93"
D113;2025-07-02;112.82;1;"Levfakt Fortnox Aktiebolag (2531)";"5420:112.82"
D114;2025-07-01;6131.73;2;"Levfakt Freja Transport & Logistics AB (";"2641:1226.35 4070:4905.38"
D115;2025-06-30;-2824.85;2;"Levfakt Fortnox Aktiebolag (2529)";"2440:-3531 2641:706.15"
D116;2025-06-26;-5237.50;1;"Levfakt Freja Transport & Logistics AB (";"2440:-5237.5"
D117;2025-06-26;4316.87;1;"Levfakt Freja Transport & Logistics AB (";"4070:4316.87"
D118;2025-06-26;6124.55;2;"Levfakt Freja Transport & Logistics AB (";"2641:1224.91 4070:4899.64"
D128;2025-07-31;8000.00;1;"Levfakt GOTEBORG FOTO OCH FILM AB (2551)";"5900:8000"
D129;2025-07-03;19888.38;2;"Levfakt SAS Brasseri D'OLT (2550)";"4057:22600.44 2625:-2712.06"
D139;2025-06-16;13071.59;3;"Levfakt Pagos de Vallejo S.I. (2553)";"4056:13071.59 2615:-3267.95 2645:3267.95"
D140;2025-06-20;-8864.67;2;"Levfakt MAS Foraster 1923 SL (2552)";"2440:-11819.56 2645:2954.89"
D141;2025-07-09;9396.00;2;"Levfakt SANTANDER CONSUMER BANK AS NORGE";"2641:939.62 5615:8456.38"
D142;2025-06-30;-7813.13;4;"Levfakt Brasserie La Pariseinne (2528)";"2440:-14307.92 4056:7583.57 2645:806.97 2615:-1895.75"
D143;2025-08-13;-11045.00;2;"Levfakt SL-Montage Elkonstruktioner AB (";"2440:-45548 1710:34503"
D144;2025-08-12;569.00;2;"Levfakt KUNGÄLVS REDOVISNINGSBYRÅ AB (25";"2641:113.75 6530:455.25"
D146;2025-08-05;3571.00;2;"Levfakt ZIKLO BANK AB (2558)";"2641:714.19 5611:2856.81"
D148;2025-08-09;-8627.50;2;"Levfakt SANTANDER CONSUMER BANK AS NORGE";"2440:-9586 2641:958.5"
D150;2025-08-07;8904.00;2;"Levfakt VOLKSWAGEN FINANS SVERIGE AB (25";"2641:890.4 5615:8013.6"
D151;2025-07-10;-6675.47;8;"Levfakt SAS Bosser Yves (2560)";"2440:-15365 4057:2790.23 2625:-334.78 2645:334.78 2645:2225.16 4072:3674.14 2615:-918.59 2645:918.59"
D152;2025-07-01;10852.77;3;"Levfakt Perret (2566)";"2440:-43411.07 4056:43411.07 2645:10852.77"
D153;2025-08-01;90032.18;3;"Levfakt Vignobles Berthier Sarl CFB (257";"2645:22508.1 2614:-22508.1 4056:90032.18"
D155;2025-08-01;4655.51;2;"Levfakt Vidbertus (2568)";"4056:6207.34 2615:-1551.83"
D159;2025-09-09;-45874.00;1;"Levfakt SL-Montage Elkonstruktioner AB (";"2440:-45874"
D160;2025-09-01;39643.20;2;"Levfakt Vignobles Berthier Sarl CFB (258";"2614:-13214.4 4056:52857.6"
D162;2025-09-01;-4278.00;1;"Levfakt Securitas Direct Sverige AB (257";"2440:-4278"
D163;2025-09-04;10010.50;1;"Levfakt KUNGÄLVS REDOVISNINGSBYRÅ AB (25";"6530:10010.5"
D168;2025-09-18;382.00;2;"Levfakt GS1 Sweden AB (2584)";"2641:76.31 6561:305.69"
D169;2025-09-29;17520.00;2;"Levkreditfakt Fortnox Aktiebolag (2598)";"2440:21900 2641:-4380"
D170;2025-09-05;-21900.00;1;"Levfakt Fortnox Aktiebolag (2580)";"2440:-21900"
D171;2025-09-28;4753.94;1;"Levfakt Freja Transport & Logistics AB (";"4070:4753.94"
D177;2025-09-29;-4806.50;2;"Levfakt Fortnox Aktiebolag (2595)";"2440:-6008 2641:1201.5"
D178;2025-09-30;-460.00;1;"Levfakt GS1 Sweden AB (2592)";"2440:-460"
D179;2025-09-25;11790.68;1;"Levfakt CrossEurope AB (2591)";"4070:11790.68"
D186;2025-09-30;3438.00;2;"Levfakt KGA Logistik AB (2609)";"2641:687.5 4071:2750.5"
D187;2025-10-01;-46137.22;3;"Levfakt Coca i Fito SL (2608)";"2440:-184548.87 4056:184548.87 2615:-46137.22"
D194;2025-10-07;-3559.00;1;"Levfakt ZIKLO BANK AB (2610)";"2440:-3559"
D195;2025-10-09;8372.00;1;"Levfakt SANTANDER CONSUMER BANK AS NORGE";"5615:8372"
D196;2025-10-03;24969.66;2;"Levfakt Domain Sibille (2612)";"4056:33292.88 2615:-8323.22"
D199;2025-10-24;3174.00;2;"Levfakt JustNu AB (2624)";"2641:634.75 5930:2539.25"
D206;2025-10-30;-4195.00;2;"Levfakt Freja Transport & Logistics AB (";"2440:-5243.75 2641:1048.75"
D207;2025-10-27;-6129.23;1;"Levfakt Freja Transport & Logistics AB (";"2440:-6129.23"
D208;2025-10-27;4899.11;1;"Levfakt Freja Transport & Logistics AB (";"4070:4899.11"
D209;2025-10-30;5746.25;2;"Levfakt Freja Transport & Logistics AB (";"2641:1149.25 4070:4597"
D211;2025-10-09;6318.62;3;"Levfakt Vidbertus (2616)";"4056:6318.62 2615:-1579.71 2645:1579.71"
D215;2025-01-08;2173.75;2;"Levfakt SL-Montage Elkonstruktioner AB (";"3740:-0.25 2990:2174"
D216;2025-01-07;1357.00;2;"Levfakt ZIKLO BANK AB (2416)";"2641:275.2 5611:1081.8"
D217;2025-01-09;9288.00;2;"Levfakt SANTANDER CONSUMER BANK AS NORGE";"2641:928.75 1790:8359.25"
D222;2025-01-27;46709.00;4;"Levfakt SL-Montage Elkonstruktioner AB (";"2641:9341.75 1790:37367.25 2990:-2864 5020:2864"
D229;2025-01-13;5335.33;2;"Levfakt Bodegas Santiago Roma S.L (2433)";"2614:-1778.52 4056:7113.85"
D231;2025-01-20;-5167.35;2;"Levfakt MAS Foraster 1923 SL (2431)";"2440:-6889.8 2645:1722.45"
D232;2025-01-07;13877.52;2;"Levfakt Pagos de Vallejo S.I. (2430)";"4056:18503.44 2615:-4625.92"
D233;2025-01-09;-15236.99;2;"Levfakt SAS Bosser Yves (2429)";"2440:-17314.74 2645:2077.75"
D234;2025-01-20;38743.01;2;"Levfakt Vignobles Berthier Sarl CFB (242";"2614:-12914.42 4056:51657.43"
D235;2025-02-06;1370.00;2;"Levfakt ZIKLO BANK AB (2435)";"2641:273.97 5611:1096.03"
D236;2025-02-11;-8351.50;2;"Levfakt SANTANDER CONSUMER BANK AS NORGE";"1799:-9288 2641:936.5"
D239;2025-02-27;35498.68;2;"Levfakt Vignobles Berthier Sarl CFB (244";"2614:-11832.89 1790:47331.57"
D240;2025-01-22;-38513.64;2;"Levfakt Vignobles Berthier Sarl CFB (244";"2440:-51351.52 2645:12837.88"
D241;2025-02-19;-28158.35;1;"Levfakt Canals Nadal S.L (2440)";"2440:-28158.35"
D246;2025-02-22;31630.77;2;"Levfakt Bodega Manzaneque (2447)";"2645:6326.15 1790:25304.62"
D247;2025-02-24;-23486.73;2;"Levfakt Pazo Pondal (2446)";"2440:-18789.34 2615:-4697.39"
D250;2025-03-04;15217.41;3;"Levfakt MAS Foraster 1923 SL (2450)";"4056:15217.41 2615:-3804.35 2645:3804.35"
D254;2025-02-28;22435.07;3;"Levfakt Brasserie d'Olt (2453)";"2625:-2692.17 2645:2692.17 1790:22435.07"
D256;2025-03-13;4305.56;1;"Levfakt Freja Transport & Logistics AB (";"4070:4305.56"
D257;2025-03-13;6130.08;2;"Levfakt Freja Transport & Logistics AB (";"2641:1226.02 4070:4904.06"
D258;2025-03-05;1315.00;2;"Levfakt ZIKLO BANK AB (2455)";"2641:267.48 2990:1047.52"
D260;2025-03-18;-4900.17;2;"Levfakt Freja Transport & Logistics AB (";"2440:-6125.21 2641:1225.04"
D262;2025-03-10;9364.00;2;"Levfakt SANTANDER CONSUMER BANK AS NORGE";"2641:936.5 1790:8427.5"
D265;2025-03-17;-39937.28;2;"Levfakt Vignobles Berthier Sarl CFB (246";"2440:-53249.7 2645:13312.42"
D266;2025-03-07;13001.23;1;"Levfakt Mme Vauvrecy Boutet Martine (246";"2645:13001.23"
D267;2025-03-05;35469.83;2;"Levfakt Biotiful Wines (2460)";"2614:-11823.35 4056:47293.18"
D268;2025-03-28;5657.50;2;"Levfakt Freja Transport & Logistics AB (";"2641:1131.5 4070:4526"
D269;2025-03-27;109.66;1;"Levfakt Freja Transport & Logistics AB (";"8422:109.66"
D274;2025-04-04;-18933.44;2;"Levfakt Canals Nadal S.L (2476)";"2440:-25244.59 2645:6311.15"
D275;2025-04-10;37714.50;2;"Levfakt SL-Montage Elkonstruktioner AB (";"1790:34503 5020:3211.5"
D276;2025-04-09;14225.00;2;"Levfakt Näringsliv. Producentansv. i Sv.";"2641:2845.07 2990:11379.93"
D277;2025-04-11;5000.00;2;"Levfakt GOTEBORG FOTO OCH FILM AB (2473)";"2641:1000 2990:4000"
D278;2025-04-08;27182.05;3;"Levfakt Zafferano s.r.l. (2477)";"2645:6795.51 2614:-6795.51 1790:27182.05"
D283;2025-04-17;705.00;2;"Levfakt Freja Transport & Logistics AB (";"2641:141 4070:564"
D287;2025-04-01;11487.60;1;"Levfakt VOLKSWAGEN FINANS SVERIGE AB (24";"5615:11487.6"
D289;2025-04-25;27697.38;3;"Levfakt Compania Vitiviicola Tandem S.A ";"2615:-6924.34 2645:6924.34 1790:27697.38"
D291;2025-05-09;2331.20;1;"Levfakt D Davies AB (2491)";"4070:2331.2"
D292;2025-05-09;47054.00;2;"Levfakt SL-Montage Elkonstruktioner AB (";"2641:9410.75 1710:37643.25"
D293;2025-04-16;-27032.69;3;"Levfakt Vignobles Berthier Sarl CFB (249";"2440:-40654.4 2645:10163.66 4072:3458.05"
D295;2025-04-01;-3017.66;3;"Levfakt Vignobles Berthier Sarl CFB (249";"2440:-12070.66 2614:-3017.66 4072:12070.66"
D298;2025-05-07;9017.00;2;"Levfakt VOLKSWAGEN FINANS SVERIGE AB (24";"2641:895.65 1790:8121.35"
D299;2025-05-05;48712.62;3;"Levfakt Vignobles Berthier Sarl CFB (249";"2645:12178.21 2614:-12178.21 4056:48712.62"
D304;2025-05-09;-9455.00;1;"Levfakt SANTANDER CONSUMER BANK AS NORGE";"2440:-9455"
D306;2025-05-13;460.00;1;"Levfakt TRÄNGSELSKATT TRANSPORTSTYRELSEN";"5616:460"
D307;2025-06-17;2275.25;1;"Levfakt KUNGÄLVS REDOVISNINGSBYRÅ AB (25";"6530:2275.25"
D309;2025-05-27;6570.86;2;"Levfakt Freja Transport & Logistics AB (";"2641:1314.17 4070:5256.69"
D311;2025-06-13;45988.00;2;"Levfakt SL-Montage Elkonstruktioner AB (";"2641:9197.5 1790:36790.5"
D312;2025-05-22;-26956.36;3;"Levfakt Vignobles Berthier Sarl CFB (251";"2440:-86670.84 4056:79619.31 2615:-19904.83"
D313;2025-06-01;4278.00;2;"Levfakt Securitas Direct Sverige AB (250";"2641:855.58 1790:3422.42"
D314;2025-06-03;230.00;2;"Levfakt Fortnox Aktiebolag (2508)";"2641:46.08 2990:183.92"
D315;2025-06-02;1567.00;2;"Levfakt Fortnox Aktiebolag (2507)";"2641:313.39 5420:1253.61"
D316;2025-05-30;4000.00;1;"Levfakt GOTEBORG FOTO OCH FILM AB (2506)";"5900:4000"
D319;2025-06-04;-24993.69;2;"Levfakt Domain Sibille (2516)";"2440:-33324.96 2645:8331.27"
D320;2025-05-16;21891.20;3;"Levfakt SAS Brasseri D'OLT (2527)";"4057:21891.2 2625:-2626.91 2645:2626.91"
D321;2025-06-12;-33216.58;2;"Levfakt SAS Vins Belle (2526)";"2440:-44288.77 2645:11072.19"
D322;2025-06-06;9307.00;2;"Levfakt VOLKSWAGEN FINANS SVERIGE AB (25";"2641:900.07 5615:8406.93"
D323;2025-07-04;3697.00;2;"Levfakt KUNGÄLVS REDOVISNINGSBYRÅ AB (25";"2641:739.38 6530:2957.62"
D325;2025-06-27;67698.77;2;"Levfakt Vignobles Berthier Sarl CFB (253";"2614:-22566.26 4056:90265.03"
D326;2025-06-01;20531.34;2;"Levfakt Compania Vitiviicola Tandem S.A ";"4056:27375.12 2615:-6843.78"
D327;2025-07-02;-112.82;2;"Levfakt Fortnox Aktiebolag (2531)";"2440:-141 2641:28.18"
D328;2025-07-01;-4905.38;2;"Levfakt Freja Transport & Logistics AB (";"2440:-6131.73 2641:1226.35"
D329;2025-06-30;-3531.00;1;"Levfakt Fortnox Aktiebolag (2529)";"2440:-3531"
D330;2025-06-26;4190.00;1;"Levfakt Freja Transport & Logistics AB (";"4070:4190"
D331;2025-06-26;5396.09;2;"Levfakt Freja Transport & Logistics AB (";"2641:1079.22 4070:4316.87"
D333;2025-06-12;-103.00;1;"Levfakt TRÄNGSELSKATT TRANSPORTSTYRELSEN";"2440:-103"
D334;2025-06-12;-372.00;1;"Levfakt TRÄNGSELSKATT TRANSPORTSTYRELSEN";"2440:-372"
D335;2025-06-18;0.00;0;"Levfakt Mölndals Stad (2520)";""
D336;2025-06-24;0.00;0;"Levfakt Mme Vauvrecy Boutet Martine (254";""
D337;2025-07-16;-5183.61;1;"Levfakt Freja Transport & Logistics AB (";"2440:-5183.61"
D338;2025-07-16;45248.00;2;"Levfakt SL-Montage Elkonstruktioner AB (";"2641:9049.5 1710:36198.5"
D339;2025-07-04;0.00;0;"Levfakt FORDONSSKATT TRANSPORTSTYRELSEN ";""
D340;2025-07-07;-2506.00;1;"Levfakt ZIKLO BANK AB (2537)";"2440:-2506"
D341;2025-07-07;0.00;0;"Levfakt VOLKSWAGEN FINANS SVERIGE AB (25";""
D343;2025-07-03;-22600.44;3;"Levfakt SAS Brasseri D'OLT (2550)";"2440:-22600.44 2625:-2712.06 2645:2712.06"
D345;2025-07-14;-7254.12;3;"Levfakt Canals Nadal S.L (2547)";"2440:-29016.47 4056:29016.47 2615:-7254.12"
D346;2025-07-10;0.00;0;"Levfakt TRÄNGSELSKATT TRANSPORTSTYRELSEN";""
D347;2025-07-11;0.00;0;"Levfakt TRÄNGSELSKATT TRANSPORTSTYRELSEN";""
D349;2025-06-16;8471.93;2;"Levfakt Bodegas Santiago Roma S.L (2557)";"4056:6777.5 2645:1694.43"
D352;2025-06-16;-6412.48;2;"Levfakt Genium Celler SL (2554)";"2440:-8549.97 2645:2137.49"
D358;2025-08-12;455.25;1;"Levfakt KUNGÄLVS REDOVISNINGSBYRÅ AB (25";"6530:455.25"
D359;2025-07-30;-2679.57;3;"Levfakt SAS Brasseri D'OLT (2559)";"4057:22329.57 2625:-2679.57 4992:-22329.57"
D360;2025-08-05;3571.00;2;"Levfakt ZIKLO BANK AB (2558)";"2641:714.19 5611:2856.81"
D362;2025-08-09;-8627.50;2;"Levfakt SANTANDER CONSUMER BANK AS NORGE";"2440:-9586 2641:958.5"
D364;2025-08-07;8904.00;2;"Levfakt VOLKSWAGEN FINANS SVERIGE AB (25";"2641:890.4 5615:8013.6"
D368;2025-08-01;24169.33;2;"Levfakt Coca i Fito SL (2569)";"4056:32225.77 2615:-8056.44"
D369;2025-08-01;-6207.34;1;"Levfakt Vidbertus (2568)";"2440:-6207.34"
D370;2025-08-22;8000.00;1;"Levfakt GOTEBORG FOTO OCH FILM AB (2567)";"5900:8000"
D371;2025-09-03;23505.80;3;"Levfakt Pazo Pondal (2582)";"4056:23505.8 2615:-5876.45 2645:5876.45"
D372;2025-09-02;-200.77;2;"Levfakt Fortnox Aktiebolag (2575)";"2440:-251 2641:50.23"
D380;2025-09-01;6735.05;3;"Levfakt Bourgoin Cognac (2572)";"2440:-26940.2 4056:26940.2 2645:6735.05"
D381;2025-09-05;2438.00;2;"Levfakt ZIKLO BANK AB (2571)";"2641:487.67 5611:1950.33"
D382;2025-09-18;-305.69;2;"Levfakt GS1 Sweden AB (2584)";"2440:-382 2641:76.31"
D383;2025-09-29;21900.00;1;"Levkreditfakt Fortnox Aktiebolag (2598)";"2440:21900"
D384;2025-09-05;17520.00;1;"Levfakt Fortnox Aktiebolag (2580)";"5420:17520"
D385;2025-09-28;5942.43;2;"Levfakt Freja Transport & Logistics AB (";"2641:1188.49 4070:4753.94"
D386;2025-09-28;5927.15;2;"Levfakt Freja Transport & Logistics AB (";"2641:1185.43 4070:4741.72"
D387;2025-10-03;-4741.34;2;"Levfakt Freja Transport & Logistics AB (";"2440:-5926.68 2641:1185.34"
D388;2025-10-07;-4750.00;1;"Levfakt KUNGÄLVS REDOVISNINGSBYRÅ AB (26";"2440:-4750"
D392;2025-09-30;-368.01;2;"Levfakt GS1 Sweden AB (2592)";"2440:-460 2641:91.99"
D395;2025-09-24;-8772.72;5;"Levfakt Brasserie La Pariseinne (2589)";"2440:-13471.27 4056:3502.32 2615:-875.58 2645:875.58 2645:1196.23"
D396;2025-09-23;10000.00;2;"Levfakt GOTEBORG FOTO OCH FILM AB (2587)";"2641:2000 5900:8000"
D400;2025-09-30;2750.50;1;"Levfakt KGA Logistik AB (2609)";"4071:2750.5"
D404;2025-09-08;54815.49;1;"Levfakt Coca i Fito SL (2605)";"2645:54815.49"
D408;2025-10-07;-2847.21;2;"Levfakt ZIKLO BANK AB (2610)";"2440:-3559 2641:711.79"
D413;2025-10-24;3174.00;2;"Levfakt JustNu AB (2624)";"2641:634.75 5930:2539.25"
D416;2025-10-24;10000.00;2;"Levfakt GOTEBORG FOTO OCH FILM AB (2621)";"2641:2000 5900:8000"
D417;2025-10-16;-2688.93;3;"Levfakt SAS Brasseri D'OLT (2633)";"2440:-22408.15 4057:22408.15 2625:-2688.93"
D418;2025-10-31;-19680.00;1;"Levfakt KGA Logistik AB (2630)";"2440:-19680"
D419;2025-10-29;3380.00;2;"Levfakt Kollibee AB (2632)";"2641:676.04 4070:2703.96"
D421;2025-10-27;-6129.23;1;"Levfakt Freja Transport & Logistics AB (";"2440:-6129.23"
D424;2025-10-31;4105.07;2;"Levfakt Vidbertus (2619)";"4056:5473.43 2615:-1368.36"
D426;2025-10-22;0.00;0;"Levfakt Gjensidige Forsikring Asa No Sv ";""
D427;2025-10-01;0.00;0;"Levfakt Mme Vauvrecy Boutet Martine (263";""
E1;2025-01-02;4278.00;1;"Levbet Securitas Direct Sverige AB (2397";"2440:4278"
E2;2025-01-02;474.00;1;"Levbet TRÄNGSELSKATT TRANSPORTSTYRELSEN ";"2440:474"
E3;2025-01-02;2677.00;1;"Levbet ZIKLO BANK AB (2407)";"2440:2677"
E4;2025-01-02;5000.00;1;"Levbet GOTEBORG FOTO OCH FILM AB (2405)";"2440:5000"
E5;2025-01-02;9375.00;1;"Levbet Kylbilsexperten i Halmstad AB (24";"2440:9375"
E10;2025-01-08;-72.72;1;"Levbet Vignobles Berthier Sarl CFB (2398";"4090:-72.72"
E11;2025-01-10;4297.33;2;"Levbet D Davies AB (2404)";"2440:4268.27 4090:29.06"
E12;2025-01-24;-130.31;2;"Levbet Mme Vauvrecy Boutet Martine (2417";"1930:-53136.08 2440:53005.77"
E13;2025-01-27;-1250.00;1;"Levbet NATURVÅRDSVERKET (2387)";"1920:-1250"
E14;2025-01-29;-2021.28;1;"Levbet Canals Nadal S.L (2400)";"1799:-2021.28"
E15;2025-01-29;2.73;1;"Levbet Canals Nadal S.L (2351)";"4090:2.73"
E20;2025-02-03;9288.00;1;"Levbet SANTANDER CONSUMER BANK AS NORGE ";"2440:9288"
E21;2025-02-06;6136.18;1;"Levbet Freja Transport & Logistics AB (2";"2440:6136.18"
E23;2025-02-26;0.00;0;"Levbet Fortnox Aktiebolag (2426)";""
E24;2025-02-26;0.00;0;"Levbet TRÄNGSELSKATT TRANSPORTSTYRELSEN ";""
E27;2025-03-03;6130.48;1;"Levbet Freja Transport & Logistics AB (2";"2440:6130.48"
E28;2025-03-04;43191.67;2;"Levbet Perret (2408)";"2440:44679.7 4090:-1488.03"
E29;2025-03-04;-60.00;2;"Levbet Näringsliv. Producentansv. i Sv. ";"2440:9843 1920:-9903"
E37;2025-03-13;46709.00;1;"Levbet SL-Montage Elkonstruktioner AB (2";"2440:46709"
E38;2025-03-18;-214.76;1;"Levbet Brasserie d'Olt (2453)";"4090:-214.76"
E39;2025-03-18;0.00;0;"Levbet SAS Vins Belle (2452)";""
E40;2025-03-19;0.00;0;"Levbet GOTEBORG FOTO OCH FILM AB (2437)";""
E42;2025-03-26;0.00;0;"Levbet Securitas Direct Sverige AB (2444";""
E43;2025-03-26;0.00;0;"Levbet TRÄNGSELSKATT TRANSPORTSTYRELSEN ";""
E44;2025-03-26;-5943.65;1;"Levbet Freja Transport & Logistics AB (2";"1920:-5943.65"
E46;2025-03-27;43329.89;2;"Levbet Coca i Fito SL (2412)";"2440:45631.01 4090:-2301.12"
E48;2025-03-31;47749.59;2;"Levbet Vignobles Berthier Sarl CFB (2427";"2440:50282.09 4090:-2532.5"
E60;2025-04-08;0.00;0;"Levbet Freja Transport & Logistics AB (2";""
E61;2025-04-08;0.00;0;"Levbet Freja Transport & Logistics AB (2";""
E66;2025-04-14;-182.22;1;"Levbet BERROJA S.L. (2468)";"4090:-182.22"
E67;2025-04-14;0.00;0;"Levbet Freja Transport & Logistics AB (2";""
E68;2025-04-17;0.00;0;"Levbet Zafferano s.r.l. (2477)";""
E69;2025-04-22;0.00;0;"Levbet Mme Vauvrecy Boutet Martine (2461";""
E77;2025-05-05;9364.00;1;"Levbet SANTANDER CONSUMER BANK AS NORGE ";"2440:9364"
E78;2025-05-06;0.00;0;"Levbet Vignobles Berthier Sarl CFB (2442";""
E79;2025-05-08;0.00;0;"Levbet Biotiful Wines (2460)";""
E80;2025-05-12;-46491.74;1;"Levbet Vignobles Berthier Sarl CFB (2443";"1920:-46491.74"
E82;2025-05-14;3030.00;1;"Levbet TFF (2487)";"2440:3030"
E83;2025-05-14;0.00;0;"Levbet Freja Transport & Logistics AB (2";""
E87;2025-05-15;14225.00;1;"Levbet Näringsliv. Producentansv. i Sv. ";"2440:14225"
E88;2025-06-02;1314.17;2;"Levbet Mme Vauvrecy Boutet Martine (2492";"2440:1286.46 4090:27.71"
E100;2025-06-11;-47143.00;1;"Levbet SL-Montage Elkonstruktioner AB (2";"1920:-47143"
E102;2025-06-18;0.00;0;"Levbet TRÄNGSELSKATT TRANSPORTSTYRELSEN ";""
E103;2025-06-18;-230.00;1;"Levbet Fortnox Aktiebolag (2508)";"1920:-230"
E105;2025-06-18;0.00;0;"Levbet Freja Transport & Logistics AB (2";""
E111;2025-06-24;47775.54;2;"Levbet Vignobles Berthier Sarl CFB (2495";"2440:47399.44 4090:376.1"
E112;2025-06-25;5000.00;1;"Levbet GOTEBORG FOTO OCH FILM AB (2506)";"2440:5000"
E113;2025-06-25;0.00;0;"Levbet Freja Transport & Logistics AB (2";""
E114;2025-06-25;0.00;0;"Levbet SL-Montage Elkonstruktioner AB (2";""
E115;2025-06-30;-22493.71;1;"Levbet SAS Brasseri D'OLT (2527)";"1920:-22493.71"
E118;2025-07-01;0.00;0;"Levbet VOLKSWAGEN FINANS SVERIGE AB (251";""
E119;2025-07-01;0.00;0;"Levbet SANTANDER CONSUMER BANK AS NORGE ";""
E120;2025-07-15;-28484.88;1;"Levbet Compania Vitiviicola Tandem S.A (";"1920:-28484.88"
E122;2025-07-16;-372.00;1;"Levbet TRÄNGSELSKATT TRANSPORTSTYRELSEN ";"1920:-372"
E130;2025-07-30;-2506.00;1;"Levbet ZIKLO BANK AB (2537)";"1920:-2506"
E131;2025-07-30;0.00;0;"Levbet VOLKSWAGEN FINANS SVERIGE AB (253";""
E132;2025-07-30;8467.00;1;"Levbet FORDONSSKATT TRANSPORTSTYRELSEN (";"2440:8467"
E134;2025-07-30;0.00;0;"Levbet Freja Transport & Logistics AB (2";""
E135;2025-08-06;0.00;0;"Levbet SANTANDER CONSUMER BANK AS NORGE ";""
E138;2025-07-29;-38.57;1;"Levbet SAS Brasseri D'OLT (2550)";"4090:-38.57"
E139;2025-08-08;0.00;0;"Levbet TRÄNGSELSKATT TRANSPORTSTYRELSEN ";""
E140;2025-08-08;444.00;1;"Levbet TRÄNGSELSKATT TRANSPORTSTYRELSEN ";"2440:444"
E141;2025-08-08;960.00;1;"Levbet TRÄNGSELSKATT TRANSPORTSTYRELSEN ";"2440:960"
E142;2025-08-08;5183.61;1;"Levbet Freja Transport & Logistics AB (2";"2440:5183.61"
E143;2025-06-30;-2626.91;1;"Levbet SAS Brasseri D'OLT (2549)";"2645:-2626.91"
E147;2025-08-18;-926.92;2;"Levbet Domain Sibille (2516)";"1920:-34251.88 2440:33324.96"
E148;2025-08-18;-1409.86;2;"Levbet Vignobles Berthier Sarl CFB (2498";"1920:-50122.48 2440:48712.62"
E149;2025-08-18;-50924.30;1;"Levbet Biotiful Wines (2556)";"1920:-50924.3"
E152;2025-08-25;43337.40;6;"Levbet Perret (2566)";"2440:43411.07 4090:-73.67 1920:-98.13 4090:98.13 1920:-100 4090:100"
E156;2025-09-01;-569.00;1;"Levbet KUNGÄLVS REDOVISNINGSBYRÅ AB (256";"1920:-569"
E158;2025-09-01;8904.00;1;"Levbet VOLKSWAGEN FINANS SVERIGE AB (256";"2440:8904"
E161;2025-09-17;10000.00;1;"Levbet GOTEBORG FOTO OCH FILM AB (2551)";"2440:10000"
E164;2025-09-15;23161.38;3;"Levbet Pazo Pondal (2582)";"2440:23505.8 4090:-192.29 1920:-152.13"
E165;2025-09-18;-14227.10;1;"Levbet Brasserie La Pariseinne (2528)";"1920:-14227.1"
E175;2025-09-23;251.00;1;"Levbet Fortnox Aktiebolag (2575)";"2440:251"
E183;2025-10-16;214.00;1;"Levbet Bodega Manzaneque (2574)";"4090:214"
E184;2025-10-16;-31970.76;1;"Levbet Coca i Fito SL (2569)";"1920:-31970.76"
E187;2025-10-17;382.00;1;"Levbet GS1 Sweden AB (2584)";"2440:382"
E190;2025-09-30;0.00;0;"Levbet Freja Transport & Logistics AB (2";""
E193;2025-10-22;0.00;0;"Levbet Freja Transport & Logistics AB (2";""
E194;2025-10-22;0.00;0;"Levbet Freja Transport & Logistics AB (2";""
E197;2025-10-23;-3559.00;1;"Levbet ZIKLO BANK AB (2610)";"1920:-3559"
E198;2025-10-23;10410.00;1;"Levbet VOLKSWAGEN FINANS SVERIGE AB (260";"2440:10410"
E199;2025-10-23;0.00;0;"Levbet KGA Logistik AB (2609)";""
E200;2025-10-23;-5926.68;1;"Levbet Freja Transport & Logistics AB (2";"1920:-5926.68"
E202;2025-10-23;0.00;0;"Levbet CrossEurope AB (2591)";""
E203;2025-10-29;9302.00;1;"Levbet SANTANDER CONSUMER BANK AS NORGE ";"2440:9302"
E204;2025-01-02;0.00;0;"Levbet Securitas Direct Sverige AB (2397";""
E209;2025-01-02;9691.00;1;"Levbet SANTANDER CONSUMER BANK AS NORGE ";"2440:9691"
E210;2025-01-02;-52101.66;1;"Levbet Vignobles Berthier Sarl CFB (2371";"1930:-52101.66"
E211;2025-01-02;0.00;0;"Levbet Compania Vitiviicola Tandem S.A (";""
E213;2025-01-08;0.00;0;"Levbet Vignobles Berthier Sarl CFB (2398";""
E216;2025-01-27;1250.00;1;"Levbet NATURVÅRDSVERKET (2387)";"2440:1250"
E217;2025-01-29;0.00;0;"Levbet Canals Nadal S.L (2400)";""
E218;2025-01-29;-2021.28;2;"Levbet Canals Nadal S.L (2351)";"2440:-2024.01 4090:2.73"
E219;2025-01-29;34.61;1;"Levbet Canals Nadal S.L (2400)";"4090:34.61"
E222;2025-02-03;5931.83;1;"Levbet Freja Transport & Logistics AB (2";"2440:5931.83"
E224;2025-02-06;0.00;0;"Levbet Freja Transport & Logistics AB (2";""
E227;2025-02-26;0.00;0;"Levbet TRÄNGSELSKATT TRANSPORTSTYRELSEN ";""
E228;2025-02-28;0.00;0;"Levbet Vignobles Berthier Sarl CFB (2410";""
E230;2025-03-03;6130.48;1;"Levbet Freja Transport & Logistics AB (2";"2440:6130.48"
E231;2025-03-04;0.00;0;"Levbet Perret (2408)";""
E232;2025-03-04;60.00;1;"Levbet Näringsliv. Producentansv. i Sv. ";"8422:60"
E233;2025-03-05;0.00;0;"Levbet ZIKLO BANK AB (2435)";""
E234;2025-03-05;0.00;0;"Levbet Garanti / Trygg-Hansa (2418)";""
E235;2025-03-05;76.00;1;"Levbet SANTANDER CONSUMER BANK AS NORGE ";"2440:76"
E238;2025-03-11;0.00;0;"Levbet Bodega Manzaneque (2447)";""
E239;2025-02-28;0.00;0;"Levbet MELDON FOOD AB (2441)";""
E240;2025-03-13;46709.00;1;"Levbet SL-Montage Elkonstruktioner AB (2";"2440:46709"
E241;2025-03-18;0.00;0;"Levbet Brasserie d'Olt (2453)";""
E242;2025-03-18;43973.44;2;"Levbet SAS Vins Belle (2452)";"2440:44491.72 4090:-518.28"
E244;2025-03-25;0.00;0;"Levbet Brasserie La Pariseinne (2399)";""
E245;2025-03-26;-4278.00;1;"Levbet Securitas Direct Sverige AB (2444";"1920:-4278"
E246;2025-03-26;0.00;0;"Levbet TRÄNGSELSKATT TRANSPORTSTYRELSEN ";""
E248;2025-03-26;48098.00;1;"Levbet SL-Montage Elkonstruktioner AB (2";"2440:48098"
E253;2025-04-01;0.00;0;"Levbet CID Berm£dez S.L. (2449)";""
E257;2025-04-01;0.00;0;"Levbet Freja Transport & Logistics AB (2";""
E263;2025-04-08;0.00;0;"Levbet Freja Transport & Logistics AB (2";""
E264;2025-04-08;0.00;0;"Levbet Freja Transport & Logistics AB (2";""
E266;2025-04-08;0.00;0;"Levbet Freja Transport & Logistics AB (2";""
E267;2025-04-11;102.72;1;"Levbet Pagos de Vallejo S.I. (2448)";"4090:102.72"
E274;2025-04-23;0.00;0;"Levbet GOTEBORG FOTO OCH FILM AB (2473)";""
E275;2025-04-23;0.00;0;"Levbet Freja Transport & Logistics AB (2";""
E276;2025-04-23;47456.00;1;"Levbet SL-Montage Elkonstruktioner AB (2";"2440:47456"
E278;2025-05-05;0.00;0;"Levbet VOLKSWAGEN FINANS SVERIGE AB (247";""
E279;2025-05-05;0.00;0;"Levbet PASSET SCREEN AB (2471)";""
E280;2025-05-05;0.00;0;"Levbet SANTANDER CONSUMER BANK AS NORGE ";""
E281;2025-05-06;-49292.89;1;"Levbet Vignobles Berthier Sarl CFB (2442";"1920:-49292.89"
E282;2025-05-08;0.00;0;"Levbet Biotiful Wines (2460)";""
E283;2025-05-12;-46491.74;1;"Levbet Vignobles Berthier Sarl CFB (2443";"1920:-46491.74"
E285;2025-05-14;0.00;0;"Levbet TFF (2487)";""
E291;2025-06-02;0.00;0;"Levbet Mme Vauvrecy Boutet Martine (2492";""
E292;2025-06-02;-2922.38;1;"Levbet D Davies AB (2491)";"1920:-2922.38"
E293;2025-06-02;-16.49;1;"Levbet Jansen Logistics (2486)";"4090:-16.49"
E294;2025-06-03;442.00;1;"Levbet TRÄNGSELSKATT TRANSPORTSTYRELSEN ";"2440:442"
E295;2025-06-03;3024.00;1;"Levbet ZIKLO BANK AB (2500)";"2440:3024"
E296;2025-06-03;-8158.00;1;"Levbet Gjensidige Forsikring ASA No Sv f";"1920:-8158"
E297;2025-06-03;0.00;0;"Levbet VOLKSWAGEN FINANS SVERIGE AB (249";""
E300;2025-06-04;0.00;0;"Levbet Domain Sibille (2464)";""
E301;2025-06-10;15131.86;2;"Levbet MAS Foraster 1923 SL (2450)";"2440:15217.41 4090:-85.55"
E302;2025-06-10;-27714.16;1;"Levbet Canals Nadal S.L (2440)";"1920:-27714.16"
E303;2025-06-11;0.00;0;"Levbet SL-Montage Elkonstruktioner AB (2";""
E304;2025-06-12;0.00;0;"Levbet TRÄNGSELSKATT TRANSPORTSTYRELSEN ";""
E305;2025-06-18;460.00;1;"Levbet TRÄNGSELSKATT TRANSPORTSTYRELSEN ";"2440:460"
E310;2025-06-18;302.42;1;"Levbet Vignobles Berthier Sarl CFB (2462";"4090:302.42"
E311;2025-06-18;0.00;0;"Levbet Vignobles Berthier Sarl CFB (2494";""
E312;2025-06-24;369.23;1;"Levbet SAS Bosser Yves (2497)";"4090:369.23"
E313;2025-06-24;0.00;0;"Levbet Vignobles Berthier Sarl CFB (2496";""
E314;2025-06-24;0.00;0;"Levbet Vignobles Berthier Sarl CFB (2495";""
E315;2025-06-25;0.00;0;"Levbet GOTEBORG FOTO OCH FILM AB (2506)";""
E316;2025-06-25;7008.86;1;"Levbet Freja Transport & Logistics AB (2";"2440:7008.86"
E317;2025-06-25;0.00;0;"Levbet SL-Montage Elkonstruktioner AB (2";""
E318;2025-06-30;-602.51;2;"Levbet SAS Brasseri D'OLT (2527)";"1920:-22493.71 2440:21891.2"
E319;2025-07-01;0.00;0;"Levbet Securitas Direct Sverige AB (2509";""
E320;2025-07-01;3270.00;1;"Levbet ZIKLO BANK AB (2518)";"2440:3270"
E322;2025-07-01;9396.00;1;"Levbet SANTANDER CONSUMER BANK AS NORGE ";"2440:9396"
E323;2025-07-15;787.50;1;"Levbet Compania Vitiviicola Tandem S.A (";"4090:787.5"
E326;2025-07-16;0.00;0;"Levbet KUNGÄLVS REDOVISNINGSBYRÅ AB (251";""
E327;2025-07-16;141.00;1;"Levbet Fortnox Aktiebolag (2531)";"2440:141"
E328;2025-07-16;0.00;0;"Levbet Fortnox Aktiebolag (2529)";""
E329;2025-07-16;0.00;0;"Levbet Freja Transport & Logistics AB (2";""
E334;2025-07-30;-8865.00;1;"Levbet VOLKSWAGEN FINANS SVERIGE AB (253";"1920:-8865"
E335;2025-07-30;-8467.00;1;"Levbet FORDONSSKATT TRANSPORTSTYRELSEN (";"1920:-8467"
E336;2025-07-30;0.00;0;"Levbet Mölndals Stad (2520)";""
E337;2025-07-30;0.00;0;"Levbet Freja Transport & Logistics AB (2";""
E338;2025-08-06;9396.00;1;"Levbet SANTANDER CONSUMER BANK AS NORGE ";"2440:9396"
E339;2025-08-04;57483.35;1;"Levbet Mme Vauvrecy Boutet Martine (2542";"2440:57483.35"
E340;2025-08-04;0.00;0;"Levbet SAS JOSEPH Dominique (2501)";""
E341;2025-07-29;0.00;0;"Levbet SAS Brasseri D'OLT (2550)";""
E349;2025-08-18;10942.34;2;"Levbet Brasserie La Pariseinne (2484)";"2440:10638.44 4090:303.9"
E350;2025-08-18;-33324.96;2;"Levbet Domain Sibille (2516)";"1920:-34251.88 4090:926.92"
E351;2025-08-18;0.00;0;"Levbet Vignobles Berthier Sarl CFB (2498";""
E356;2025-08-25;46618.12;2;"Levbet Vignobles Berthier Sarl CFB (2536";"2440:45468.06 4090:1150.06"
E361;2025-09-01;0.00;0;"Levbet VOLKSWAGEN FINANS SVERIGE AB (256";""
E362;2025-09-01;0.00;0;"Levbet Garanti / Trygg-Hansa (2546)";""
E363;2025-09-01;0.00;0;"Levbet SANTANDER CONSUMER BANK AS NORGE ";""
E366;2025-09-17;0.00;0;"Levbet SL-Montage Elkonstruktioner AB (2";""
E367;2025-09-15;0.00;0;"Levbet Pazo Pondal (2582)";""
E374;2025-09-23;0.00;0;"Levbet KUNGÄLVS REDOVISNINGSBYRÅ AB (257";""
E375;2025-09-23;0.00;0;"Levbet GS1 Sweden AB (2573)";""
E377;2025-09-23;0.00;0;"Levbet VOLKSWAGEN FINANS SVERIGE AB (257";""
E378;2025-09-23;0.00;0;"Levbet Fortnox Aktiebolag (2575)";""
E381;2025-09-25;0.00;0;"Levbet Vignobles Berthier Sarl CFB (2535";""
E383;2025-09-30;-152.69;4;"Levbet SAS Brasseri D'OLT (2559)";"1920:-22155.24 2440:22329.57 4090:-174.33 1920:-152.69"
E386;2025-10-16;0.00;0;"Levbet Bodega Manzaneque (2574)";""
E387;2025-10-16;31970.76;2;"Levbet Coca i Fito SL (2569)";"2440:32225.77 4090:-255.01"
E391;2025-10-17;0.00;0;"Levbet Fortnox Aktiebolag (2599)";""
E392;2025-10-17;6008.00;1;"Levbet Fortnox Aktiebolag (2595)";"2440:6008"
E395;2025-10-22;0.00;0;"Levbet Fortnox Aktiebolag (2598)";""
E396;2025-10-22;0.00;0;"Levbet Freja Transport & Logistics AB (2";""
E399;2025-10-23;0.00;0;"Levbet GS1 Sweden AB (2592)";""
E400;2025-10-23;-3559.00;1;"Levbet ZIKLO BANK AB (2610)";"1920:-3559"
E401;2025-10-23;-10410.00;1;"Levbet VOLKSWAGEN FINANS SVERIGE AB (260";"1920:-10410"
E402;2025-10-23;0.00;0;"Levbet KGA Logistik AB (2609)";""
E403;2025-10-23;5926.68;1;"Levbet Freja Transport & Logistics AB (2";"2440:5926.68"
E404;2025-10-23;-13070.18;1;"Levbet CrossEurope AB (2590)";"1920:-13070.18"
E405;2025-10-23;0.00;0;"Levbet CrossEurope AB (2591)";""
E406;2025-10-29;0.00;0;"Levbet SANTANDER CONSUMER BANK AS NORGE ";""
H1;2025-01-31;0.00;0;"Periodisering av leverantörsfaktura 2330";""
H12;2025-02-28;0.00;0;"Periodisering av leverantörsfaktura 2397";""
H13;2025-02-28;0.00;0;"Periodisering av leverantörsfaktura 2415";""
H15;2025-02-28;0.00;0;"Periodisering av leverantörsfaktura 2455";""
H16;2025-03-31;0.00;0;"Periodisering av leverantörsfaktura 2330";""
H22;2025-03-31;223.12;1;"Periodisering av leverantörsfaktura 2470";"5420:223.12"
H23;2025-03-31;11379.93;1;"Periodisering av leverantörsfaktura 2474";"4080:11379.93"
H24;2025-03-31;0.00;0;"Periodisering av leverantörsfaktura 2473";""
H25;2025-04-30;-1528.13;1;"Periodisering av leverantörsfaktura 2330";"1720:-1528.13"
H26;2025-04-30;458.00;1;"Periodisering av leverantörsfaktura 2329";"5420:458"
H27;2025-04-30;0.00;0;"Periodisering av leverantörsfaktura 2418";""
H28;2025-04-30;0.00;0;"Periodisering av leverantörsfaktura 2444";""
H29;2025-04-30;-34502.75;1;"Periodisering av leverantörsfaktura 2451";"1710:-34502.75"
H31;2025-04-30;8427.50;1;"Periodisering av leverantörsfaktura 2465";"5615:8427.5"
H32;2025-04-30;0.00;0;"Periodisering av leverantörsfaktura 2500";""
H33;2025-04-30;679.83;1;"Periodisering av leverantörsfaktura 2502";"5612:679.83"
H44;2025-05-31;0.00;0;"Periodisering av leverantörsfaktura 2529";""
H45;2025-06-30;-1528.13;1;"Periodisering av leverantörsfaktura 2330";"1720:-1528.13"
H46;2025-06-30;458.00;1;"Periodisering av leverantörsfaktura 2329";"5420:458"
H47;2025-06-30;0.00;0;"Periodisering av leverantörsfaktura 2418";""
H48;2025-06-30;1140.80;2;"Periodisering av leverantörsfaktura 2444";"5090:1140.81 3740:-0.01"
H49;2025-06-30;0.00;0;"Periodisering av leverantörsfaktura 2466";""
H50;2025-06-30;0.00;0;"Periodisering av leverantörsfaktura 2490";""
H51;2025-06-30;-8121.35;1;"Periodisering av leverantörsfaktura 2499";"1790:-8121.35"
H55;2025-07-31;458.00;1;"Periodisering av leverantörsfaktura 2329";"5420:458"
H57;2025-07-31;0.00;0;"Periodisering av leverantörsfaktura 2466";""
H60;2025-07-31;0.00;0;"Periodisering av leverantörsfaktura 2509";""
H61;2025-07-31;0.00;0;"Periodisering av leverantörsfaktura 2529";""
H63;2025-08-31;0.00;0;"Periodisering av leverantörsfaktura 2329";""
H65;2025-08-31;-679.83;1;"Periodisering av leverantörsfaktura 2502";"1790:-679.83"
H67;2025-08-31;564.97;1;"Periodisering av leverantörsfaktura 2529";"5420:564.97"
H70;2025-09-30;0.00;0;"Periodisering av leverantörsfaktura 2330";""
H71;2025-09-30;0.00;0;"Periodisering av leverantörsfaktura 2329";""
H74;2025-09-30;0.00;0;"Periodisering av leverantörsfaktura 2529";""
H79;2025-10-31;1528.13;1;"Periodisering av leverantörsfaktura 2330";"5615:1528.13"
H84;2025-10-31;1140.81;1;"Periodisering av leverantörsfaktura 2578";"5090:1140.81"
H86;2025-10-31;0.00;0;"Periodisering av leverantörsfaktura 2595";""
H87;2025-10-31;-628.75;1;"Periodisering av leverantörsfaktura 2602";"1730:-628.75"
H88;2025-01-31;0.00;0;"Periodisering av leverantörsfaktura 2330";""
H89;2025-01-31;0.00;0;"Periodisering av leverantörsfaktura 2329";""
H92;2025-01-31;0.00;0;"Periodisering av leverantörsfaktura 2397";""
H93;2025-01-31;0.00;0;"Periodisering av leverantörsfaktura 2406";""
H94;2025-01-31;0.00;0;"Periodisering av leverantörsfaktura 2426";""
H95;2025-02-28;0.00;0;"Periodisering av leverantörsfaktura 2330";""
H96;2025-02-28;0.00;0;"Periodisering av leverantörsfaktura 2329";""
H97;2025-02-28;0.00;0;"Periodisering av leverantörsfaktura 2347";""
H99;2025-02-28;0.00;0;"Periodisering av leverantörsfaktura 2397";""
H100;2025-02-28;0.00;0;"Periodisering av leverantörsfaktura 2415";""
H101;2025-02-28;0.00;0;"Periodisering av leverantörsfaktura 2424";""
H102;2025-02-28;0.00;0;"Periodisering av leverantörsfaktura 2455";""
H104;2025-03-31;0.00;0;"Periodisering av leverantörsfaktura 2329";""
H105;2025-03-31;0.00;0;"Periodisering av leverantörsfaktura 2377";""
H109;2025-03-31;0.00;0;"Periodisering av leverantörsfaktura 2470";""
H111;2025-03-31;0.00;0;"Periodisering av leverantörsfaktura 2473";""
H112;2025-04-30;0.00;0;"Periodisering av leverantörsfaktura 2330";""
H115;2025-04-30;0.00;0;"Periodisering av leverantörsfaktura 2444";""
H116;2025-04-30;0.00;0;"Periodisering av leverantörsfaktura 2451";""
H117;2025-04-30;-2134.00;1;"Periodisering av leverantörsfaktura 2466";"1790:-2134"
H118;2025-04-30;0.00;0;"Periodisering av leverantörsfaktura 2465";""
H120;2025-04-30;0.00;0;"Periodisering av leverantörsfaktura 2502";""
H124;2025-05-31;0.00;0;"Periodisering av leverantörsfaktura 2444";""
H125;2025-05-31;0.00;0;"Periodisering av leverantörsfaktura 2466";""
H126;2025-05-31;0.00;0;"Periodisering av leverantörsfaktura 2475";""
H130;2025-05-31;0.00;0;"Periodisering av leverantörsfaktura 2508";""
H131;2025-05-31;0.00;0;"Periodisering av leverantörsfaktura 2529";""
H137;2025-06-30;37643.25;1;"Periodisering av leverantörsfaktura 2490";"5010:37643.25"
H138;2025-06-30;0.00;0;"Periodisering av leverantörsfaktura 2499";""
H139;2025-06-30;679.83;1;"Periodisering av leverantörsfaktura 2502";"5612:679.83"
H141;2025-07-31;-1528.13;1;"Periodisering av leverantörsfaktura 2330";"1720:-1528.13"
H142;2025-07-31;0.00;0;"Periodisering av leverantörsfaktura 2329";""
H143;2025-07-31;0.00;0;"Periodisering av leverantörsfaktura 2418";""
H144;2025-07-31;0.00;0;"Periodisering av leverantörsfaktura 2466";""
H145;2025-07-31;0.00;0;"Periodisering av leverantörsfaktura 2502";""
H146;2025-07-31;-36790.50;1;"Periodisering av leverantörsfaktura 2511";"1790:-36790.5"
H147;2025-07-31;0.00;0;"Periodisering av leverantörsfaktura 2509";""
H148;2025-07-31;-564.97;1;"Periodisering av leverantörsfaktura 2529";"1790:-564.97"
H151;2025-08-31;0.02;2;"Periodisering av leverantörsfaktura 2418";"1790:-1044.65 5612:1044.67"
H152;2025-08-31;0.00;0;"Periodisering av leverantörsfaktura 2502";""
H157;2025-09-30;0.00;0;"Periodisering av leverantörsfaktura 2330";""
H160;2025-09-30;1140.80;2;"Periodisering av leverantörsfaktura 2509";"5090:1140.81 3740:-0.01"
H161;2025-09-30;0.00;0;"Periodisering av leverantörsfaktura 2529";""
H162;2025-09-30;0.00;0;"Periodisering av leverantörsfaktura 2538";""
H165;2025-09-30;0.00;0;"Periodisering av leverantörsfaktura 2602";""
H167;2025-10-31;0.00;0;"Periodisering av leverantörsfaktura 2502";""
H168;2025-10-31;0.00;0;"Periodisering av leverantörsfaktura 2538";""
H170;2025-10-31;0.00;0;"Periodisering av leverantörsfaktura 2581";""
H172;2025-10-31;0.00;0;"Periodisering av leverantörsfaktura 2580";""
H173;2025-10-31;0.00;0;"Periodisering av leverantörsfaktura 2595";""
H174;2025-10-31;0.00;0;"Periodisering av leverantörsfaktura 2602";""
N2;2025-01-03;213.12;23;"Lagervärdesförändringar 2025-01-03";"4990:1275 1450:-1275 4990:86.5 1450:-86.5 4990:1128 1450:-1128 4990:338 1450:-338 4990:378 1450:-378 4990:330 1450:-330 4990:336 1450:-336 4990:663 1450:-663 4990:525 1450:-525 4990:906 1450:-906 4990:213.12 1450:-213.12 4990:213.12"
N3;2025-01-02;7.08;8;"Lagervärdesförändringar 2025-01-02";"4990:468 1450:-654 4990:519 1450:-1002 4990:1110 1450:-433.92 4990:312 1450:-312"
N4;2025-01-03;2466.00;21;"Lagervärdesförändringar 2025-01-03";"4990:2280 4990:864 1450:-864 4990:432 1450:-432 4990:936 1450:-936 4990:1308 1450:-1308 4990:618 1450:-618 1450:-369 4990:369 1450:-369 4990:1002 1450:-1002 4990:507 1450:-507 4990:555 4990:624 1450:-624"
N5;2025-01-08;-7560.00;17;"Lagervärdesförändringar 2025-01-08";"1450:2688 4990:-2688 1450:2850 4990:-2850 4990:-7560 1450:11400 4990:-11400 1450:2904 4990:-2904 1450:3228 4990:-3228 1450:9855 4990:-9855 1450:1845 4990:-1845 1450:7515 4990:-7515"
N6;2025-01-07;703.50;1;"Lagervärdesförändringar 2025-01-07";"1450:703.5"
N7;2025-01-07;-946.50;11;"Lagervärdesförändringar 2025-01-07";"4990:2076 4990:-100.5 4990:2412 1450:-2412 1450:-2118 4990:2652 1450:-3456 4990:2100 1450:-2100 4990:1692 1450:-1692"
N8;2025-01-07;532.00;42;"Lagervärdesförändringar 2025-01-07";"4990:657 1450:-657 4990:1314 1450:-1314 4990:864 1450:-864 4990:1248 1450:-1248 4990:1308 1450:-1308 4990:1236 1450:-1236 4990:1557 1450:-1557 4990:1107 1450:-1107 4990:1336 4990:1014 1450:-1014 4990:1110 1450:-1110 4990:1266 1450:-1266 4990:1248 1450:-1248 4990:1152 1450:-1152 1450:-804 4990:804 1450:-804 4990:1140 1450:-1140 4990:984 1450:-984 4990:528 1450:-528 4990:336 1450:-336 4990:336 4990:336 1450:-336 1450:-336"
N12;2025-01-13;1680.00;5;"Lagervärdesförändringar 2025-01-13";"4990:3660 1450:-3660 4990:1680 4990:10560 1450:-10560"
N13;2025-01-13;12576.00;3;"Lagervärdesförändringar 2025-01-13";"1450:4800 4990:-2784 1450:10560"
N14;2025-01-13;-1680.00;5;"Lagervärdesförändringar 2025-01-13";"4990:-1680 1450:10560 4990:-10560 1450:1830 4990:-1830"
N15;2025-01-14;12939.00;4;"Lagervärdesförändringar 2025-01-14";"4990:-1188 1450:5577 4990:-5130 1450:13680"
N16;2025-01-13;654.00;7;"Lagervärdesförändringar 2025-01-13";"4990:756 1450:-756 4990:432 1450:-432 4990:654 4990:348 1450:-348"
N17;2025-01-14;-1350.00;29;"Lagervärdesförändringar 2025-01-14";"1450:-672 4990:1140 4990:687 1450:-687 1450:-2280 4990:726 4990:1971 1450:-1971 4990:1296 1450:-1296 4990:1296 1450:-1296 4990:1236 1450:-1236 4990:1557 1450:-1557 4990:738 1450:-738 4990:2004 1450:-2004 4990:507 1450:-507 4990:1248 1450:-1248 4990:398.88 1450:-398.88 1450:-264 4990:336 1450:-336"
N18;2025-01-14;-1363.44;6;"Lagervärdesförändringar 2025-01-14";"4990:1002 1450:-1002 4990:330 1450:-330 1450:-1164 1450:-199.44"
N20;2025-01-15;24.00;21;"Lagervärdesförändringar 2025-01-15";"4990:1170 1450:-1170 4990:492 1450:-492 4990:1176 1450:-1176 1450:-1014 4990:1368 1450:-330 4990:336 1450:-336 4990:324 1450:-324 4990:393 1450:-393 4990:549 1450:-549 4990:573 1450:-573 4990:525 1450:-525"
N24;2025-01-17;-984.00;1;"Lagervärdesförändringar 2025-01-17";"1450:-984"
N25;2025-01-20;1056.00;2;"Lagervärdesförändringar 2025-01-20";"1450:-156 4990:1212"
N26;2025-01-21;672.00;9;"Lagervärdesförändringar 2025-01-21";"4990:672 4990:1296 1450:-1296 4990:1212 1450:-1212 4990:1503 1450:-1503 4990:398.88 1450:-398.88"
N29;2025-01-23;12210.00;16;"Lagervärdesförändringar 2025-01-23";"1450:1314 4990:-1314 1450:11340 1450:9120 4990:-9120 1450:1314 1450:5808 4990:-5808 4990:-6456 1450:6570 4990:-6570 1450:1845 4990:-1845 1450:1845 4990:-1845 1450:6012"
N30;2025-01-22;264.00;11;"Lagervärdesförändringar 2025-01-22";"4990:336 4990:1110 1450:-1110 4990:1002 1450:-1002 4990:507 1450:-507 4990:240 1450:-240 4990:264 1450:-336"
N32;2025-01-24;-846.00;28;"Lagervärdesförändringar 2025-01-24";"4990:1476 1450:-1476 4990:564 1450:-564 4990:432 1450:-432 1450:-459 4990:513 1450:-330 4990:324 1450:-321 4990:393 1450:-615 4990:567 1450:-627 4990:328 1450:-328 4990:525 1450:-525 1450:-291 4990:423 1450:-423 4990:834 1450:-834 4990:213.12 1450:-213.12 4990:213.12 1450:-213.12"
N34;2025-01-24;684.00;7;"Lagervärdesförändringar 2025-01-24";"4990:684 4990:663 1450:-663 4990:549 1450:-549 4990:573 1450:-573"
N35;2025-01-28;641.88;19;"Lagervärdesförändringar 2025-01-28";"4990:780 1450:-780 4990:492 1450:-492 4990:459 1450:-459 4990:507 1450:-507 4990:330 4990:336 1450:-336 4990:393 1450:-393 4990:525 4990:96 1450:-96 4990:302 1450:-302 1450:-213.12"
N36;2025-01-28;861.12;29;"Lagervärdesförändringar 2025-01-28";"1450:-336 4990:3024 1450:-2280 4990:1452 1450:-1452 4990:1614 1450:-1614 4990:1314 1450:-1314 4990:432 4990:1296 1450:-1296 4990:3330 1450:-3330 4990:1212 1450:-1212 4990:519 1450:-519 4990:369 1450:-369 4990:369 1450:-1002 4990:507 1450:-624 4990:804 1450:-398.88 4990:366 4990:336 1450:-336"
N43;2025-01-30;738.00;5;"Lagervärdesförändringar 2025-01-30";"4990:570 1450:-570 4990:618 1450:-618 4990:738"
N44;2025-01-31;-1170.00;17;"Lagervärdesförändringar 2025-01-31";"4990:756 1450:-756 4990:1140 1450:-1140 4990:468 1450:-468 1450:-1110 1450:-1212 4990:369 1450:-369 4990:501 1450:-501 4990:555 1450:-555 4990:1152 4990:112 1450:-112"
N48;2025-02-04;3492.00;2;"Lagervärdesförändringar 2025-02-04";"4990:4068 1450:-576"
N49;2025-02-04;226.00;35;"Lagervärdesförändringar 2025-02-04";"1450:-780 4990:1476 1450:-470 4990:480 1450:-480 4990:1368 1450:-1368 4990:378 1450:-378 4990:330 1450:-330 4990:324 1450:-324 4990:642 1450:-642 4990:396 1450:-396 4990:663 1450:-663 4990:549 1450:-549 4990:1230 1450:-1230 4990:567 1450:-567 4990:1050 1450:-1050 4990:420.5 1450:-420.5 4990:606 1450:-606 4990:317 1450:-317 1450:-426.24 4990:426.24"
N50;2025-02-04;144.00;30;"Lagervärdesförändringar 2025-02-04";"1450:-2898 4990:4560 4990:726 1450:-726 1450:-1314 4990:864 1450:-1404 4990:1308 1450:-1308 4990:4440 1450:-4440 4990:2424 1450:-2424 4990:738 1450:-738 4990:2004 1450:-2004 4990:576 1450:-576 4990:804 1450:-804 4990:398.88 1450:-398.88 4990:264 1450:-264 4990:336 1450:-336 4990:336 1450:-336 4990:336"
N54;2025-02-07;-507.00;13;"Lagervärdesförändringar 2025-02-07";"4990:2280 1450:-2280 1450:-507 4990:633 1450:-633 4990:624 1450:-624 4990:398.88 1450:-398.88 4990:264 1450:-264 4990:336 1450:-336"
N56;2025-02-11;-1968.00;25;"Lagervärdesförändringar 2025-02-11";"4990:2280 1450:-2280 4990:807 1450:-807 4990:1314 1450:-1314 4990:864 1450:-864 4990:1404 1450:-1404 1450:-654 4990:1110 1450:-2424 4990:738 1450:-738 4990:2505 1450:-2505 4990:1014 1450:-1014 4990:555 1450:-555 4990:633 1450:-633 4990:624 1450:-624"
N59;2025-02-12;-969.00;14;"Lagervärdesförändringar 2025-02-12";"4990:1014 1450:-1014 4990:555 1450:-555 1450:-633 4990:1248 1450:-1248 4990:398.88 1450:-398.88 4990:264 1450:-264 4990:336 1450:-336 1450:-336"
N61;2025-02-12;168.00;57;"Lagervärdesförändringar 2025-02-12";"4990:1476 1450:-1476 4990:94 1450:-94 4990:984 1450:-984 4990:480 1450:-480 4990:459 1450:-459 4990:588 1450:-588 4990:396 1450:-396 4990:507 1450:-507 4990:513 1450:-513 4990:603 1450:-603 4990:672 1450:-672 4990:330 1450:-330 4990:660 1450:-660 4990:336 1450:-432 4990:648 1450:-648 4990:642 1450:-642 4990:663 1450:-663 4990:663 1450:-663 4990:786 1450:-786 4990:1006.5 1450:-1006.5 4990:615 1450:-615 4990:567 1450:-567 4990:327 1450:-327 4990:1050 1450:-1050 4990:423 1450:-423 4990:1668 1450:-1668 4990:213.12 1450:-213.12 4990:213.12 1450:-213.12 4990:264"
N63;2025-02-14;501.00;11;"Lagervärdesförändringar 2025-02-14";"4990:3024 1450:-3024 4990:1140 1450:-1140 4990:726 1450:-726 4990:807 1450:-807 4990:654 1450:-654 4990:501"
N64;2025-02-14;-468.00;10;"Lagervärdesförändringar 2025-02-14";"4990:672 1450:-1140 4990:738 1450:-738 4990:1002 1450:-1002 4990:1560 1450:-1560 4990:1206 1450:-1206"
N67;2025-02-12;0.00;0;"Lagervärdesförändringar 2025-02-12";""
N68;2025-02-18;543.00;34;"Lagervärdesförändringar 2025-02-18";"4990:4536 1450:-4536 4990:2280 1450:-2280 4990:726 1450:-726 4990:807 1450:-807 4990:657 1450:-657 4990:864 1450:-864 4990:864 1450:-864 4990:1404 1450:-654 4990:3330 1450:-3636 4990:618 1450:-519 4990:369 1450:-369 4990:369 1450:-369 4990:501 1450:-501 4990:555 1450:-555 4990:240 1450:-240 4990:336 1450:-336 4990:336 1450:-336"
N69;2025-02-19;-1340.88;15;"Lagervärdesförändringar 2025-02-19";"4990:560 1450:-560 1450:-984 4990:492 1450:-459 4990:588 1450:-588 1450:-603 4990:672 1450:-672 4990:492 1450:-492 4990:96 1450:-96 4990:213.12"
N70;2025-02-20;-432.00;11;"Lagervärdesförändringar 2025-02-20";"4990:756 1450:-756 1450:-432 4990:369 1450:-369 4990:507 1450:-507 4990:264 1450:-264 4990:183 1450:-183"
N75;2025-02-24;-1422.00;1;"Lagervärdesförändringar 2025-02-24";"1450:-1422"
N79;2025-02-25;-531.00;42;"Lagervärdesförändringar 2025-02-25";"4990:336 1450:-336 4990:570 1450:-570 4990:657 1450:-657 4990:687 1450:-2268 4990:657 1450:-726 4990:807 1450:-807 4990:864 1450:-864 4990:864 1450:-864 4990:1872 1450:-1872 4990:654 1450:-654 4990:2220 1450:-2220 4990:2121 1450:-738 4990:738 1450:-1002 4990:507 1450:-507 4990:633 1450:-633 4990:624 1450:-624 4990:870 1450:-870 4990:312 1450:-312 4990:398.88 1450:-398.88 4990:264 1450:-264 4990:336 1450:-336"
N80;2025-02-26;4920.00;7;"Lagervärdesförändringar 2025-02-26";"1450:11700 4990:-11700 1450:9840 4990:-9840 1450:5640 4990:-5640 1450:4920"
N83;2025-01-03;-237.00;14;"Lagervärdesförändringar 2025-01-03";"4990:330 1450:-330 4990:336 1450:-663 4990:549 1450:-549 4990:615 1450:-525 4990:906 1450:-906 4990:213.12 1450:-213.12 4990:213.12 1450:-213.12"
N84;2025-02-27;-108.00;2;"Lagervärdesförändringar 2025-02-27";"1450:-432 4990:324"
N85;2025-02-27;-369.00;5;"Lagervärdesförändringar 2025-02-27";"4990:570 1450:-570 1450:-369 4990:336 1450:-336"
N86;2025-01-02;-247.92;5;"Lagervärdesförändringar 2025-01-02";"1450:-468 4990:654 1450:-433.92 4990:312 1450:-312"
N88;2025-03-04;54.50;18;"Lagervärdesförändringar 2025-03-04";"1450:-672 4990:657 4990:657 1450:-657 4990:1452 1450:-1452 4990:369 1450:-369 4990:417.5 1450:-348 4990:398.88 1450:-398.88 4990:528 1450:-528 4990:336 1450:-336 4990:336 1450:-336"
N89;2025-01-03;-1308.00;25;"Lagervärdesförändringar 2025-01-03";"4990:2280 1450:-2280 4990:864 1450:-864 4990:432 1450:-432 1450:-1308 4990:618 1450:-618 4990:519 1450:-519 4990:369 1450:-369 4990:369 1450:-369 4990:1002 1450:-1002 4990:507 1450:-507 4990:555 1450:-555 4990:633 1450:-633 4990:624 1450:-624"
N90;2025-01-08;1845.00;17;"Lagervärdesförändringar 2025-01-08";"1450:2688 4990:-2688 1450:2850 4990:-2850 1450:7560 4990:-7560 1450:11400 4990:-11400 1450:2904 4990:-2904 1450:3228 4990:-3228 1450:9855 4990:-9855 1450:2952 4990:-2952 1450:1845"
N91;2025-01-07;0.00;0;"Lagervärdesförändringar 2025-01-07";""
N92;2025-01-07;-100.50;7;"Lagervärdesförändringar 2025-01-07";"4990:2076 1450:-2076 4990:-100.5 4990:2652 1450:-2652 4990:1692 1450:-1692"
N93;2025-03-03;379.68;5;"Lagervärdesförändringar 2025-03-03";"4990:379.68 4990:379.68 1450:-379.68 4990:433.92 1450:-433.92"
N95;2025-03-05;-2238.00;16;"Lagervärdesförändringar 2025-03-05";"1450:1872 4990:-1872 1450:1608 4990:-1608 1450:738 4990:-738 1450:4800 4990:-4800 1450:690 4990:-690 1450:690 4990:-2928 1450:2196 4990:-2196 1450:7830 4990:-7830"
N96;2025-01-07;738.00;39;"Lagervärdesförändringar 2025-01-07";"4990:864 1450:-864 4990:1248 1450:-1248 4990:1308 1450:-1308 4990:1236 1450:-1236 4990:1557 1450:-1557 4990:738 4990:1014 1450:-1014 4990:1110 1450:-1110 4990:1266 1450:-1266 4990:1248 1450:-1248 4990:1152 1450:-1152 4990:804 1450:-804 4990:804 1450:-804 4990:1140 1450:-1140 4990:528 1450:-528 4990:336 1450:-336 4990:336 1450:-336 4990:336 1450:-336 4990:336 1450:-336 4990:336 1450:-336"
N97;2025-03-05;0.00;0;"Lagervärdesförändringar 2025-03-05";""
N98;2025-03-06;-595.00;5;"Lagervärdesförändringar 2025-03-06";"1450:-595 4990:432 1450:-432 4990:433.92 1450:-433.92"
N99;2025-01-08;2178.00;7;"Lagervärdesförändringar 2025-01-08";"4990:672 1450:-672 4990:4536 1450:-4536 4990:1140 1450:-1140 4990:2178"
N105;2025-01-13;0.00;0;"Lagervärdesförändringar 2025-01-13";""
N107;2025-01-13;0.00;0;"Lagervärdesförändringar 2025-01-13";""
N108;2025-01-13;0.00;0;"Lagervärdesförändringar 2025-01-13";""
N110;2025-01-14;5577.00;5;"Lagervärdesförändringar 2025-01-14";"1450:1188 4990:-1188 1450:5577 1450:13680 4990:-13680"
N111;2025-03-11;-5040.00;7;"Lagervärdesförändringar 2025-03-11";"4990:-5040 1450:15000 4990:-15000 1450:10080 4990:-10080 1450:7380 4990:-7380"
N114;2025-01-14;-2280.00;25;"Lagervärdesförändringar 2025-01-14";"4990:1140 1450:-1140 1450:-2280 4990:726 1450:-726 4990:807 1450:-807 4990:1971 1450:-1971 4990:1296 1450:-1296 4990:1296 1450:-1296 4990:1236 1450:-1236 4990:398.88 1450:-398.88 4990:264 1450:-264 4990:336 1450:-336 4990:336 1450:-336 4990:336 1450:-336"
N116;2025-03-11;2517.12;23;"Lagervärdesförändringar 2025-03-11";"4990:3420 1450:-3420 4990:569.5 1450:-569.5 4990:1479.5 1450:-1479.5 4990:1314 1450:-1314 4990:1296 1450:-1296 4990:1296 1450:-1296 4990:1872 4990:735.5 1450:-735.5 4990:1044 1450:-398.88 4990:264 1450:-264 4990:322 1450:-322 4990:336 1450:-336"
N117;2025-01-14;164.28;13;"Lagervärdesförändringar 2025-01-14";"4990:738 1450:-738 4990:1002 1450:-1002 4990:5850 1450:-5850 4990:330 1450:-330 4990:1608 1450:-1608 4990:1164 1450:-1164 4990:164.28"
N119;2025-01-15;1593.00;5;"Lagervärdesförändringar 2025-01-15";"4990:1170 1450:-1014 4990:1368 1450:-324 4990:393"
N121;2025-03-12;1077.00;48;"Lagervärdesförändringar 2025-03-12";"4990:780 1450:-780 4990:1476 1450:-1476 4990:564 1450:-564 4990:678 1450:-678 4990:588 1450:-588 4990:588 1450:-588 4990:1368 1450:-1368 4990:1008 1450:-1008 4990:603 1450:-603 4990:672 1450:-672 4990:330 1450:-216 4990:648 4990:663 1450:-663 4990:579 1450:-579 4990:871.5 1450:-871.5 4990:786 1450:-786 4990:840 1450:-840 4990:1008 1450:-1008 4990:573 1450:-573 4990:492 1450:-525 4990:615 1450:-615 4990:423 1450:-423 4990:1200 1450:-1200 4990:385 1450:-385 4990:348"
N122;2025-01-16;0.00;0;"Lagervärdesförändringar 2025-01-16";""
N124;2025-01-17;4440.00;1;"Lagervärdesförändringar 2025-01-17";"4990:4440"
N126;2025-01-20;0.00;0;"Lagervärdesförändringar 2025-01-20";""
N127;2025-01-21;-672.00;13;"Lagervärdesförändringar 2025-01-21";"1450:-672 4990:1314 1450:-1314 4990:1296 1450:-1296 4990:4440 1450:-4440 4990:1212 1450:-1212 4990:1503 1450:-1503 4990:398.88 1450:-398.88"
N128;2025-03-13;234.00;8;"Lagervärdesförändringar 2025-03-13";"4990:600 1450:-366 4990:172 1450:-172 4990:433.92 1450:-433.92 4990:1944 1450:-1944"
N130;2025-01-22;0.00;0;"Lagervärdesförändringar 2025-01-22";""
N131;2025-01-23;-1314.00;19;"Lagervärdesförändringar 2025-01-23";"4990:-1314 1450:11340 4990:-11340 1450:9120 4990:-9120 1450:1314 4990:-1314 1450:5808 4990:-5808 1450:6456 4990:-6456 1450:6570 4990:-6570 1450:1845 4990:-1845 1450:1845 4990:-1845 1450:6012 4990:-6012"
N133;2025-01-22;-312.00;11;"Lagervärdesförändringar 2025-01-22";"4990:570 1450:-570 4990:1110 1450:-1110 4990:1002 1450:-1002 4990:507 1450:-507 1450:-240 4990:264 1450:-336"
N134;2025-03-18;0.00;0;"Lagervärdesförändringar 2025-03-18";""
N135;2025-03-20;-390.00;1;"Lagervärdesförändringar 2025-03-20";"1450:-390"
N138;2025-01-23;-1572.00;2;"Lagervärdesförändringar 2025-01-23";"1450:-3024 4990:1452"
N141;2025-03-17;0.00;0;"Lagervärdesförändringar 2025-03-17";""
N143;2025-03-20;0.00;0;"Lagervärdesförändringar 2025-03-20";""
N144;2025-03-18;0.00;0;"Lagervärdesförändringar 2025-03-18";""
N145;2025-03-21;-468.00;23;"Lagervärdesförändringar 2025-03-21";"1450:-468 4990:600 1450:-600 4990:684.5 1450:-684.5 4990:756 1450:-756 4990:2280 1450:-2280 4990:1314 1450:-1314 4990:432 1450:-432 4990:360 1450:-360 4990:1404 1450:-1404 4990:2220 1450:-2220 4990:618 1450:-618 4990:1566 1450:-1566"
N146;2025-01-24;0.00;0;"Lagervärdesförändringar 2025-01-24";""
N148;2025-01-28;642.12;21;"Lagervärdesförändringar 2025-01-28";"4990:780 1450:-780 4990:492 1450:-492 4990:459 1450:-459 4990:507 1450:-507 4990:330 1450:-330 4990:336 1450:-336 4990:321 1450:-321 4990:393 1450:-393 4990:525 1450:-96 4990:302 1450:-302 4990:213.12"
N149;2025-03-20;11370.00;3;"Lagervärdesförändringar 2025-03-20";"1450:15732 4990:-15732 1450:11370"
N151;2025-01-28;1848.00;32;"Lagervärdesförändringar 2025-01-28";"4990:336 1450:-336 4990:3024 1450:-3024 4990:2280 1450:-432 4990:1296 1450:-1296 4990:3330 1450:-3330 4990:1212 1450:-1212 4990:519 1450:-519 4990:369 1450:-369 4990:369 1450:-369 4990:1002 1450:-1002 4990:507 1450:-507 4990:624 1450:-624 4990:804 1450:-804 4990:398.88 1450:-398.88 4990:264 1450:-264 4990:366 1450:-366"
N153;2025-03-20;-1464.00;3;"Lagervärdesförändringar 2025-03-20";"4990:-1464 1450:7830 4990:-7830"
N154;2025-01-29;7875.00;11;"Lagervärdesförändringar 2025-01-29";"1450:5085 4990:-5085 1450:15075 4990:-15075 1450:3075 4990:-3075 1450:4905 4990:-4905 1450:7380 4990:-7380 1450:7875"
N155;2025-03-20;0.00;0;"Lagervärdesförändringar 2025-03-20";""
N156;2025-03-21;-3555.00;13;"Lagervärdesförändringar 2025-03-21";"4990:468 1450:-468 4990:600 1450:-600 4990:1044 1450:-1044 1450:-3555 4990:195 1450:-195 4990:291 1450:-291 4990:302 1450:-302"
N158;2025-01-29;1017.00;1;"Lagervärdesförändringar 2025-01-29";"4990:1017"
N162;2025-03-24;0.00;0;"Lagervärdesförändringar 2025-03-24";""
N163;2025-03-24;0.00;0;"Lagervärdesförändringar 2025-03-24";""
N165;2025-03-20;0.00;0;"Lagervärdesförändringar 2025-03-20";""
N166;2025-03-20;0.00;0;"Lagervärdesförändringar 2025-03-20";""
N169;2025-01-31;1008.00;14;"Lagervärdesförändringar 2025-01-31";"4990:756 1450:-756 4990:1140 1450:-1140 4990:432 1450:-432 4990:468 1450:-468 4990:1110 1450:-501 4990:555 1450:-156 4990:112 1450:-112"
N170;2025-03-24;780.00;5;"Lagervärdesförändringar 2025-03-24";"4990:1512 1450:-1512 4990:1452 1450:-1452 4990:780"
N171;2025-03-25;-2772.00;18;"Lagervärdesförändringar 2025-03-25";"4990:468 1450:-468 4990:690 1450:-690 1450:-3204 4990:690 1450:-690 4990:807 1450:-807 4990:1351.5 1450:-1351.5 4990:432 4990:1308 1450:-1308 4990:1098 1450:-1098 4990:2610 1450:-2610"
N174;2025-01-31;-486.00;3;"Lagervärdesförändringar 2025-01-31";"1450:-486 4990:30.5 1450:-30.5"
N175;2025-02-04;576.00;5;"Lagervärdesförändringar 2025-02-04";"4990:4068 1450:-4068 4990:1206 1450:-1206 4990:576"
N176;2025-02-04;1817.76;37;"Lagervärdesförändringar 2025-02-04";"4990:780 1450:-780 4990:1476 1450:-1476 4990:470 1450:-470 4990:480 1450:-480 4990:1368 1450:-378 4990:330 1450:-324 4990:642 4990:663 1450:-663 4990:663 1450:-663 4990:786 1450:-786 4990:549 1450:-549 4990:1230 1450:-1230 4990:567 1450:-567 4990:1050 1450:-1050 4990:420.5 1450:-420.5 4990:606 4990:906 1450:-906 1450:-426.24 4990:426.24 1450:-426.24 4990:264 1450:-264"
N179;2025-03-26;459.00;3;"Lagervärdesförändringar 2025-03-26";"4990:984 1450:-984 4990:459"
N180;2025-03-26;-1200.00;3;"Lagervärdesförändringar 2025-03-26";"1450:-1200 4990:2304 1450:-2304"
N181;2025-03-26;1170.00;1;"Lagervärdesförändringar 2025-03-26";"4990:1170"
N182;2025-03-27;-468.00;3;"Lagervärdesförändringar 2025-03-27";"1450:-468 4990:2460 1450:-2460"
N183;2025-02-04;-465.12;34;"Lagervärdesförändringar 2025-02-04";"4990:687 1450:-687 4990:2898 1450:-2898 4990:4560 1450:-4560 4990:1314 1450:-1314 1450:-864 4990:1404 1450:-1404 4990:1308 1450:-1308 4990:4440 1450:-4440 4990:2424 1450:-2424 4990:738 1450:-738 4990:2004 1450:-2004 4990:549 1450:-549 4990:576 1450:-576 4990:804 1450:-804 4990:398.88 4990:336 1450:-336 4990:336 1450:-336 4990:336 1450:-336"
N184;2025-03-27;-1722.00;8;"Lagervärdesförändringar 2025-03-27";"1450:-1200 4990:432 1450:-432 4990:1110 1450:-1110 4990:366 1450:-366 1450:-522"
N185;2025-03-27;0.00;0;"Lagervärdesförändringar 2025-03-27";""
N186;2025-03-31;-243.00;5;"Lagervärdesförändringar 2025-03-31";"1450:-243 4990:41.07 1450:-41.07 4990:13.96 1450:-13.96"
N189;2025-03-31;0.00;0;"Lagervärdesförändringar 2025-03-31";""
N191;2025-02-06;0.00;0;"Lagervärdesförändringar 2025-02-06";""
N194;2025-02-07;624.00;11;"Lagervärdesförändringar 2025-02-07";"4990:2280 1450:-2280 4990:936 1450:-936 4990:606 1450:-606 4990:507 1450:-507 4990:633 1450:-633 4990:624"
N195;2025-04-01;4440.00;17;"Lagervärdesförändringar 2025-04-01";"4990:335 1450:-335 4990:600 1450:-600 4990:1068 1450:-1068 4990:1452 1450:-1452 4990:807 1450:-807 4990:2106 1450:-2106 4990:936 1450:-936 4990:1308 1450:-1308 4990:4440"
N196;2025-02-10;0.00;0;"Lagervärdesförändringar 2025-02-10";""
N204;2025-04-03;264.00;25;"Lagervärdesförändringar 2025-04-03";"4990:468 1450:-468 4990:600 1450:-600 4990:1068 1450:-1068 4990:432 1450:-432 4990:366 1450:-366 4990:522 1450:-522 4990:264 4990:183 1450:-183 4990:336 1450:-336 4990:336 1450:-336 4990:336 1450:-336 4990:336 1450:-336 4990:336 1450:-336"
N205;2025-02-14;3174.00;9;"Lagervärdesförändringar 2025-02-14";"1450:2688 4990:-4356 1450:4842 1450:6570 4990:-6570 1450:3321 4990:-3321 1450:1845 4990:-1845"
N206;2025-04-02;1968.00;1;"Lagervärdesförändringar 2025-04-02";"4990:1968"
N208;2025-02-12;-245.00;21;"Lagervärdesförändringar 2025-02-12";"4990:1476 1450:-1476 4990:94 4990:648 1450:-648 4990:642 4990:567 1450:-567 4990:327 1450:-327 4990:573 1450:-573 4990:1050 1450:-1050 4990:423 1450:-1668 4990:213.12 1450:-213.12 4990:213.12 1450:-213.12 4990:264"
N209;2025-04-03;-1343.50;41;"Lagervärdesförändringar 2025-04-03";"4990:984 1450:-984 4990:492 1450:-492 4990:459 1450:-459 4990:588 1450:-588 4990:507 1450:-507 4990:513 1450:-513 4990:480 1450:-480 4990:600 1450:-600 4990:426.12 1450:-426.12 4990:330 1450:-330 4990:161 1450:-161 4990:216 1450:-216 4990:324 1450:-324 4990:396 1450:-396 1450:-1343.5 4990:615 1450:-615 4990:567 1450:-567 4990:420 1450:-420 4990:492 1450:-492 4990:525 1450:-525 4990:423 1450:-423"
N210;2025-04-03;582.00;3;"Lagervärdesförändringar 2025-04-03";"4990:3936 1450:-3936 4990:582"
N212;2025-02-13;-282.12;7;"Lagervärdesförändringar 2025-02-13";"4990:570 1450:-570 4990:864 1450:-1110 4990:369 1450:-804 4990:398.88"
N217;2025-04-07;0.00;0;"Lagervärdesförändringar 2025-04-07";""
N218;2025-04-08;276.00;28;"Lagervärdesförändringar 2025-04-08";"1450:-690 4990:575 1450:-575 4990:1068 1450:-1068 4990:690 1450:-690 4990:726 1450:-726 4990:807 4990:468 1450:-468 4990:1110 1450:-1110 4990:244 1450:-244 4990:244 1450:-244 4990:435 1450:-435 4990:507 1450:-348 4990:398.88 1450:-398.88 4990:264 1450:-264 4990:336 1450:-336"
N219;2025-02-14;-1002.00;5;"Lagervärdesförändringar 2025-02-14";"1450:-1002 4990:1560 1450:-1560 4990:1206 1450:-1206"
N220;2025-02-14;0.00;0;"Lagervärdesförändringar 2025-02-14";""
N223;2025-04-09;0.00;0;"Lagervärdesförändringar 2025-04-09";""
N224;2025-02-18;-519.00;41;"Lagervärdesförändringar 2025-02-18";"4990:570 1450:-570 4990:4536 1450:-4536 4990:2280 1450:-2280 4990:726 1450:-726 4990:807 1450:-807 4990:657 1450:-657 4990:864 1450:-864 4990:864 1450:-864 4990:1404 1450:-1404 4990:654 1450:-654 4990:3330 1450:-3330 1450:-519 4990:369 1450:-369 4990:369 1450:-369 4990:501 1450:-501 4990:555 1450:-555 4990:240 1450:-240 4990:264 1450:-264 4990:336 1450:-336 4990:336 1450:-336 4990:336 1450:-336"
N225;2025-04-09;0.00;0;"Lagervärdesförändringar 2025-04-09";""
N226;2025-04-09;-423.00;19;"Lagervärdesförändringar 2025-04-09";"4990:866.82 1450:-866.82 4990:330 1450:-330 4990:321 1450:-321 1450:-423 4990:633 1450:-633 4990:288 1450:-288 4990:96 1450:-96 4990:278 1450:-278 4990:213.12 1450:-213.12 4990:213.12 1450:-213.12"
N227;2025-02-19;-657.00;9;"Lagervärdesförändringar 2025-02-19";"1450:-588 4990:603 1450:-672 4990:492 1450:-492 4990:96 1450:-96 4990:213.12 1450:-213.12"
N229;2025-04-08;0.00;0;"Lagervärdesförändringar 2025-04-08";""
N230;2025-04-10;-64.56;26;"Lagervärdesförändringar 2025-04-10";"4990:468 1450:-468 4990:1200 1450:-1200 4990:432 1450:-432 4990:1110 1450:-1110 4990:618 1450:-618 4990:732 1450:-732 4990:1032 1450:-1032 4990:199.44 1450:-264 4990:336 1450:-336 4990:336 1450:-336 4990:336 1450:-336 4990:336 1450:-336 4990:336 1450:-336"
N232;2025-02-20;0.00;0;"Lagervärdesförändringar 2025-02-20";""
N233;2025-02-21;0.00;0;"Lagervärdesförändringar 2025-02-21";""
N234;2025-02-21;672.00;3;"Lagervärdesförändringar 2025-02-21";"4990:672 1450:-336 4990:336"
N238;2025-04-11;1524.00;21;"Lagervärdesförändringar 2025-04-11";"4990:-2340 1450:4020 4990:-4020 4990:-1476 1450:4800 4990:-4800 1450:1380 4990:-1380 1450:1380 4990:-1380 1450:7560 4990:-7560 1450:5340 1450:5616 4990:-5616 1450:3660 4990:-3660 1450:2928 4990:-2928 1450:5220 4990:-5220"
N239;2025-02-24;-1422.00;1;"Lagervärdesförändringar 2025-02-24";"1450:-1422"
N240;2025-02-24;0.00;0;"Lagervärdesförändringar 2025-02-24";""
N241;2025-02-24;-139.00;3;"Lagervärdesförändringar 2025-02-24";"1450:-139 4990:1968 1450:-1968"
N243;2025-04-11;0.00;0;"Lagervärdesförändringar 2025-04-11";""
N244;2025-02-25;1863.12;31;"Lagervärdesförändringar 2025-02-25";"4990:336 1450:-336 4990:570 1450:-570 4990:657 1450:-657 4990:687 1450:-687 4990:2268 1450:-2268 4990:657 4990:1314 1450:-1314 4990:864 1450:-864 4990:864 1450:-864 4990:1872 1450:-507 4990:633 1450:-633 4990:624 1450:-624 4990:852 1450:-852 4990:870 1450:-870 4990:312 1450:-398.88 4990:264 1450:-336"
N245;2025-04-11;0.00;0;"Lagervärdesförändringar 2025-04-11";""
N246;2025-04-11;0.00;0;"Lagervärdesförändringar 2025-04-11";""
N248;2025-04-11;432.00;15;"Lagervärdesförändringar 2025-04-11";"4990:804 1450:-804 4990:738 1450:-738 4990:2400 1450:-2400 4990:3024 1450:-3024 4990:2136 1450:-2136 4990:1452 1450:-1452 4990:2106 1450:-2106 4990:432"
N252;2025-02-26;-4200.00;2;"Lagervärdesförändringar 2025-02-26";"4990:-9840 1450:5640"
N254;2025-02-26;87.00;20;"Lagervärdesförändringar 2025-02-26";"4990:390 1450:-390 4990:492 1450:-492 4990:564 1450:-564 4990:492 1450:-918 4990:1176 4990:324 1450:-324 4990:321 1450:-321 1450:-663 4990:393 1450:-393 4990:615 1450:-615 4990:151 1450:-151"
N255;2025-04-14;0.00;0;"Lagervärdesförändringar 2025-04-14";""
N257;2025-04-15;234.00;12;"Lagervärdesförändringar 2025-04-15";"4990:600 1450:-600 4990:756 1450:-756 4990:726 1450:-726 4990:702 1450:-468 4990:576 1450:-576 4990:156 1450:-156"
N259;2025-04-16;-1176.00;10;"Lagervärdesförändringar 2025-04-16";"1450:-2136 4990:2220 1450:-2220 4990:1032 4990:264 1450:-336 4990:336 1450:-336 4990:336 1450:-336"
N260;2025-02-27;201.00;8;"Lagervärdesförändringar 2025-02-27";"4990:570 4990:1110 1450:-1110 4990:369 1450:-369 1450:-369 4990:336 1450:-336"
N261;2025-02-27;-1002.00;5;"Lagervärdesförändringar 2025-02-27";"1450:-1002 4990:4290 1450:-4290 4990:582 1450:-582"
N265;2025-04-16;0.00;0;"Lagervärdesförändringar 2025-04-16";""
N266;2025-04-10;0.00;0;"Lagervärdesförändringar 2025-04-10";""
N267;2025-04-16;-130.00;3;"Lagervärdesförändringar 2025-04-16";"1450:-130 4990:136 1450:-136"
N268;2025-04-17;0.00;0;"Lagervärdesförändringar 2025-04-17";""
N271;2025-03-05;0.00;0;"Lagervärdesförändringar 2025-03-05";""
N272;2025-04-17;468.00;12;"Lagervärdesförändringar 2025-04-17";"4990:1404 1450:-936 4990:2088 1450:-2088 4990:2652 1450:-2652 4990:696 1450:-696 4990:182 1450:-182 4990:264 1450:-264"
N273;2025-03-05;15894.00;12;"Lagervärdesförändringar 2025-03-05";"1450:1872 4990:-1872 1450:1608 1450:690 4990:-690 1450:690 4990:-690 1450:11340 4990:-5616 1450:2928 4990:-2196 1450:7830"
N277;2025-04-22;-213.50;29;"Lagervärdesförändringar 2025-04-22";"4990:690 1450:-690 4990:807 1450:-807 4990:1404 1450:-1404 4990:864 1450:-864 4990:936 1450:-936 4990:654 1450:-654 4990:3330 1450:-3330 4990:732 1450:-732 4990:732 1450:-732 1450:-213.5 4990:336 1450:-336 4990:336 1450:-336 4990:336 1450:-336 4990:336 1450:-336 4990:336 1450:-336"
N278;2025-03-06;1110.00;7;"Lagervärdesförändringar 2025-03-06";"4990:336 1450:-336 4990:595 1450:-595 4990:432 1450:-432 4990:1110"
N279;2025-03-06;-894.00;20;"Lagervärdesförändringar 2025-03-06";"4990:1476 1450:-1476 4990:564 1450:-564 4990:459 1450:-459 4990:1014 1450:-1014 1450:-321 4990:396 1450:-396 4990:786 1450:-786 4990:615 1450:-615 4990:654 1450:-654 1450:-573 4990:492 1450:-492"
N280;2025-04-23;0.00;0;"Lagervärdesförändringar 2025-04-23";""
N281;2025-04-23;-122.00;1;"Lagervärdesförändringar 2025-04-23";"4990:-122"
N282;2025-04-23;-115.00;15;"Lagervärdesförändringar 2025-04-23";"1450:-115 4990:345 1450:-345 4990:378 1450:-378 4990:356 1450:-356 4990:115 1450:-115 4990:269 1450:-269 4990:234 1450:-234 4990:130 1450:-130"
N283;2025-03-06;0.00;0;"Lagervärdesförändringar 2025-03-06";""
N284;2025-03-06;582.00;5;"Lagervärdesförändringar 2025-03-06";"4990:3900 1450:-3900 4990:1206 1450:-1206 4990:582"
N285;2025-04-23;423.00;11;"Lagervärdesförändringar 2025-04-23";"4990:492 1450:-492 4990:216 1450:-216 4990:524.4 1450:-524.4 4990:780 1450:-780 4990:492 1450:-492 4990:423"
N286;2025-03-07;-864.00;13;"Lagervärdesförändringar 2025-03-07";"1450:-864 4990:1404 1450:-1404 4990:1308 1450:-1308 4990:1110 1450:-1110 4990:738 1450:-738 4990:2088 1450:-2088 4990:507 1450:-507"
N287;2025-04-23;-780.50;4;"Lagervärdesförändringar 2025-04-23";"1450:-432.5 4990:520 1450:-520 1450:-348"
N288;2025-03-07;-2400.00;1;"Lagervärdesförändringar 2025-03-07";"1450:-2400"
N290;2025-04-24;-3360.00;2;"Lagervärdesförändringar 2025-04-24";"4990:-7020 1450:3660"
N293;2025-03-10;0.00;0;"Lagervärdesförändringar 2025-03-10";""
N294;2025-04-24;3132.00;1;"Lagervärdesförändringar 2025-04-24";"4990:3132"
N295;2025-03-11;3500.88;28;"Lagervärdesförändringar 2025-03-11";"4990:1200 1450:-1200 4990:574.5 1450:-574.5 4990:3024 4990:1296 1450:-1296 4990:1872 1450:-1872 4990:1110 1450:-1110 4990:618 1450:-618 4990:738 1450:-738 4990:735.5 1450:-735.5 4990:1044 1450:-1044 4990:507 1450:-507 4990:576 1450:-576 4990:112 1450:-112 4990:570 1450:-492 4990:398.88"
N296;2025-04-25;-600.00;9;"Lagervärdesförändringar 2025-04-25";"1450:-600 4990:702 1450:-702 4990:1110 1450:-1110 4990:1044 1450:-1044 4990:398.88 1450:-398.88"
N298;2025-04-29;684.00;5;"Lagervärdesförändringar 2025-04-29";"4990:492 1450:-492 4990:684 4990:213.12 1450:-213.12"
N301;2025-03-12;-216.00;53;"Lagervärdesförändringar 2025-03-12";"4990:780 1450:-780 4990:1476 1450:-1476 4990:564 1450:-564 4990:432 1450:-432 4990:678 1450:-678 4990:588 1450:-588 4990:588 1450:-588 4990:1368 1450:-1368 4990:1008 1450:-1008 1450:-216 4990:648 1450:-648 4990:663 1450:-663 4990:579 1450:-579 4990:871.5 1450:-871.5 4990:840 1450:-840 4990:1008 1450:-1008 4990:573 1450:-573 4990:492 1450:-492 4990:525 1450:-525 4990:615 1450:-615 4990:423 1450:-423 4990:348 1450:-348 4990:59 1450:-59 4990:58 1450:-58 4990:68 1450:-68 4990:213.12 1450:-213.12 4990:213.12 1450:-213.12"
N302;2025-04-30;666.00;8;"Lagervärdesförändringar 2025-04-30";"4990:468 1450:-468 4990:402 4990:555 1450:-555 4990:398.88 1450:-398.88 4990:264"
N303;2025-04-30;1800.00;5;"Lagervärdesförändringar 2025-04-30";"4990:1800 4990:2412 1450:-2412 4990:433.92 1450:-433.92"
N309;2025-05-06;-2033.00;14;"Lagervärdesförändringar 2025-05-06";"4990:1200 1450:-1200 4990:648 1450:-648 4990:534 1450:-534 4990:1211.64 1450:-1211.64 4990:1152 1450:-1152 4990:642 1450:-846 4990:139 1450:-1968"
N310;2025-03-18;0.00;0;"Lagervärdesförändringar 2025-03-18";""
N311;2025-03-20;0.00;0;"Lagervärdesförändringar 2025-03-20";""
N314;2025-03-20;300.00;13;"Lagervärdesförändringar 2025-03-20";"4990:260 1450:-260 4990:182 1450:-182 4990:240 1450:-240 4990:300 1450:-300 4990:300 4990:139 1450:-139 4990:402 1450:-402"
N315;2025-05-06;-244.50;25;"Lagervärdesförändringar 2025-05-06";"1450:-382.5 4990:600 1450:-600 4990:426.12 1450:-426.12 4990:672 1450:-216 4990:324 1450:-642 4990:678 1450:-678 4990:534 1450:-534 4990:663 1450:-663 4990:524.4 1450:-524.4 4990:568.5 1450:-568.5 4990:538.02 1450:-538.02 4990:605.82 1450:-605.82 1450:214 4990:-214"
N317;2025-03-20;0.00;0;"Lagervärdesförändringar 2025-03-20";""
N318;2025-03-20;0.00;0;"Lagervärdesförändringar 2025-03-20";""
N320;2025-03-21;2346.00;27;"Lagervärdesförändringar 2025-03-21";"4990:468 1450:-468 4990:600 1450:-600 4990:684.5 1450:-684.5 4990:756 1450:-756 4990:2280 1450:-2280 4990:1314 1450:-1314 4990:432 1450:-432 4990:360 1450:-360 4990:1404 1450:-1404 4990:2220 1450:-507 4990:633 4990:804 1450:-804 4990:264 1450:-264 4990:336 1450:-336"
N322;2025-05-06;330.00;3;"Lagervärdesförändringar 2025-05-06";"4990:402 1450:-402 4990:330"
N323;2025-05-07;0.00;0;"Lagervärdesförändringar 2025-05-07";""
N325;2025-03-20;-15732.00;3;"Lagervärdesförändringar 2025-03-20";"4990:-15732 1450:11370 4990:-11370"
N326;2025-05-08;-2880.00;13;"Lagervärdesförändringar 2025-05-08";"4990:-2880 1450:12510 4990:-12510 1450:6672 4990:-6672 1450:2400 4990:-2400 1450:2418 4990:-2418 1450:4608 4990:-4608 1450:1998 4990:-1998"
N327;2025-03-20;0.00;0;"Lagervärdesförändringar 2025-03-20";""
N328;2025-03-20;-1698.00;2;"Lagervärdesförändringar 2025-03-20";"1450:-2220 4990:522"
N330;2025-03-20;-9480.00;10;"Lagervärdesförändringar 2025-03-20";"4990:-1380 1450:1380 4990:-1380 4990:-11340 1450:10680 4990:-4356 1450:4842 4990:-1560 1450:1464 4990:-7830"
N331;2025-05-08;-1014.00;1;"Lagervärdesförändringar 2025-05-08";"1450:-1014"
N336;2025-03-20;-6480.00;7;"Lagervärdesförändringar 2025-03-20";"4990:-6480 1450:10800 4990:-10800 1450:14040 4990:-14040 1450:3924 4990:-3924"
N337;2025-05-09;1284.00;10;"Lagervärdesförändringar 2025-05-09";"1450:-936 4990:2220 4990:1098 1450:-1098 4990:1548 1450:-1548 4990:264 1450:-264 4990:336 1450:-336"
N338;2025-03-21;394.00;6;"Lagervärdesförändringar 2025-03-21";"4990:468 1450:-468 4990:600 1450:-195 4990:291 1450:-302"
N340;2025-05-09;576.00;5;"Lagervärdesförändringar 2025-05-09";"4990:393 1450:-393 4990:576 4990:666 1450:-666"
N341;2025-03-24;-1422.00;1;"Lagervärdesförändringar 2025-03-24";"1450:-1422"
N343;2025-05-12;-2088.00;5;"Lagervärdesförändringar 2025-05-12";"1450:4320 4990:-4320 1450:7920 4990:-7920 4990:-2088"
N345;2025-03-20;8070.30;3;"Lagervärdesförändringar 2025-03-20";"1450:8070.3 1450:12116.4 4990:-12116.4"
N347;2025-03-20;0.00;0;"Lagervärdesförändringar 2025-03-20";""
N349;2025-03-20;0.00;0;"Lagervärdesförändringar 2025-03-20";""
N351;2025-05-13;3024.00;31;"Lagervärdesförändringar 2025-05-13";"4990:390 1450:-390 4990:804 1450:-804 4990:600 1450:-600 4990:3024 4990:432 1450:-432 4990:468 1450:-468 4990:1110 1450:-1110 4990:732 1450:-732 4990:732 1450:-732 4990:2088 1450:-2088 4990:576 1450:-576 4990:1032 1450:-1032 4990:398.88 1450:-398.88 4990:264 1450:-264 4990:336 1450:-336 4990:336 1450:-336"
N352;2025-03-25;-2610.00;17;"Lagervärdesförändringar 2025-03-25";"4990:468 1450:-468 4990:738 1450:-738 4990:600 1450:-600 4990:690 1450:-690 4990:690 1450:-690 4990:3024 1450:-3024 1450:-2610 4990:555 1450:-555 4990:528 1450:-528"
N353;2025-05-14;213.12;11;"Lagervärdesförändringar 2025-05-14";"4990:390 1450:-390 4990:396 1450:-396 4990:552 1450:-552 4990:182 1450:-182 4990:139 1450:-139 4990:213.12"
N354;2025-03-25;0.00;0;"Lagervärdesförändringar 2025-03-25";""
N355;2025-03-25;0.00;0;"Lagervärdesförändringar 2025-03-25";""
N358;2025-05-11;-132.00;23;"Lagervärdesförändringar 2025-05-11";"4990:936 1450:-936 4990:804 1450:-804 4990:600 1450:-600 4990:936 1450:-936 4990:1110 1450:-732 4990:732 1450:-2370 4990:1128 4990:804 1450:-804 4990:795 1450:-795 4990:1032 1450:-1032 4990:798 1450:-798 4990:336 1450:-336"
N359;2025-03-26;0.00;0;"Lagervärdesförändringar 2025-03-26";""
N362;2025-03-27;1110.00;5;"Lagervärdesförändringar 2025-03-27";"4990:1200 1450:-1200 4990:432 1450:-432 4990:1110"
N365;2025-05-15;1341.00;17;"Lagervärdesförändringar 2025-05-15";"1450:-402 4990:600 1450:-600 4990:756 1450:-756 4990:2136 1450:-2136 4990:726 1450:-726 4990:864 1450:-864 4990:1236 4990:522 1450:-522 4990:507 4990:165.5 1450:-165.5"
N366;2025-03-20;0.00;0;"Lagervärdesförändringar 2025-03-20";""
N367;2025-03-31;-4032.00;5;"Lagervärdesförändringar 2025-03-31";"4990:-4032 1450:5376 4990:-5376 1450:6720 4990:-6720"
N368;2025-03-31;-672.00;7;"Lagervärdesförändringar 2025-03-31";"1450:-672 4990:336 1450:-336 4990:336 1450:-336 4990:672 1450:-672"
N369;2025-03-31;336.00;9;"Lagervärdesförändringar 2025-03-31";"4990:336 1450:-336 4990:336 1450:-336 4990:336 1450:-336 4990:336 1450:-336 4990:336"
N371;2025-04-01;1095.00;17;"Lagervärdesförändringar 2025-04-01";"1450:-600 4990:1068 1450:-1452 4990:807 1450:-1098 4990:2610 1450:-240 4990:264 1450:-264 4990:732 1450:-732 4990:336 1450:-336 4990:336 1450:-336 4990:336 1450:-336"
N375;2025-05-20;-1542.00;18;"Lagervärdesförändringar 2025-05-20";"4990:3780 1450:-3780 4990:1380 1450:-1380 4990:2106 1450:-3330 4990:1236 1450:-1188 4990:732 1450:-1098 4990:1566 1450:-1566 4990:1014 1450:-1014 4990:370 1450:-370 4990:633 1450:-633"
N379;2025-04-03;-336.00;23;"Lagervärdesförändringar 2025-04-03";"4990:468 1450:-468 4990:600 1450:-600 4990:1068 1450:-1068 4990:432 1450:-432 4990:366 1450:-366 4990:522 1450:-522 4990:264 1450:-264 4990:183 1450:-183 4990:336 1450:-336 4990:336 1450:-336 4990:336 1450:-336 1450:-336"
N381;2025-05-22;-522.00;1;"Lagervärdesförändringar 2025-05-22";"4990:-522"
N382;2025-05-22;617.76;16;"Lagervärdesförändringar 2025-05-22";"4990:1404 1450:-1404 4990:1206 1450:-1206 4990:600 1450:-600 4990:618 1450:-618 4990:366 1450:-366 4990:1044 4990:1032 1450:-1032 1450:-426.24 4990:336 1450:-336"
N383;2025-04-02;0.00;0;"Lagervärdesförändringar 2025-04-02";""
N384;2025-04-02;-864.00;1;"Lagervärdesförändringar 2025-04-02";"1450:-864"
N385;2025-04-03;459.00;20;"Lagervärdesförändringar 2025-04-03";"4990:390 1450:-390 4990:984 1450:-984 4990:492 1450:-492 1450:-588 4990:507 4990:216 4990:324 4990:492 1450:-492 4990:525 1450:-525 4990:423 1450:-423 4990:453 1450:-453 4990:115 1450:-115"
N386;2025-05-22;-917.40;28;"Lagervärdesförändringar 2025-05-22";"4990:390 1450:-390 4990:984 1450:-984 4990:588 1450:-588 4990:600 1450:-600 4990:216 1450:-216 4990:324 1450:-324 4990:321 1450:-321 1450:-393 1450:-524.4 4990:615 1450:-615 4990:573 1450:-573 4990:492 1450:-492 4990:278 1450:-278 4990:213.12 1450:-213.12 4990:213.12 1450:-213.12"
N387;2025-05-23;-5376.00;3;"Lagervärdesförändringar 2025-05-23";"4990:-4704 1450:4704 4990:-5376"
N388;2025-04-03;582.00;5;"Lagervärdesförändringar 2025-04-03";"4990:3936 1450:-3936 4990:582 4990:453 1450:-453"
N389;2025-05-23;-1044.00;1;"Lagervärdesförändringar 2025-05-23";"1450:-1044"
N390;2025-05-23;600.00;7;"Lagervärdesförändringar 2025-05-23";"4990:780 1450:-780 4990:1185 1450:-1185 4990:2340 1450:-2340 4990:600"
N391;2025-04-04;0.00;0;"Lagervärdesförändringar 2025-04-04";""
N393;2025-05-23;672.00;3;"Lagervärdesförändringar 2025-05-23";"4990:672 1450:-672 4990:672"
N396;2025-05-23;336.00;7;"Lagervärdesförändringar 2025-05-23";"4990:1068 1450:-1068 4990:264 1450:-264 4990:336 1450:-336 4990:336"
N397;2025-04-07;-1200.00;5;"Lagervärdesförändringar 2025-04-07";"4990:-1200 4990:1110 1450:-1110 4990:6288 1450:-6288"
N398;2025-04-08;336.00;27;"Lagervärdesförändringar 2025-04-08";"4990:690 1450:-690 4990:575 1450:-575 4990:1068 1450:-1068 4990:468 1450:-468 4990:1110 1450:-1110 4990:244 1450:-244 4990:244 1450:-244 4990:435 1450:-435 4990:507 1450:-507 4990:804 1450:-804 4990:348 1450:-348 4990:398.88 1450:-398.88 4990:264 1450:-264 4990:336"
N399;2025-05-27;10584.00;11;"Lagervärdesförändringar 2025-05-27";"1450:7020 4990:-7020 1450:3618 4990:-3618 1450:3690 4990:-3690 1450:9000 4990:-9000 1450:1380 4990:-1380 1450:10584"
N404;2025-04-09;1008.00;33;"Lagervärdesförändringar 2025-04-09";"4990:1275 1450:-1275 4990:902 1450:-902 4990:564 1450:-564 4990:984 1450:-984 4990:918 1450:-918 4990:507 1450:-507 4990:684 1450:-684 4990:600 1450:-600 4990:866.82 1450:-866.82 4990:330 1450:-330 4990:321 1450:-321 4990:786 1450:-786 4990:524.4 1450:-524.4 4990:605.82 1450:-605.82 4990:615 1450:-615 4990:840 1450:-840 4990:1008"
N405;2025-06-03;0.00;0;"Lagervärdesförändringar 2025-06-03";""
N411;2025-05-28;0.00;0;"Lagervärdesförändringar 2025-05-28";""
N414;2025-04-10;0.00;0;"Lagervärdesförändringar 2025-04-10";""
N415;2025-04-11;-1476.00;17;"Lagervärdesförändringar 2025-04-11";"4990:-1476 1450:4800 4990:-4800 1450:1380 4990:-1380 1450:1380 4990:-1380 1450:7560 4990:-7560 1450:5340 4990:-5340 1450:3630 4990:-3630 1450:5616 4990:-5616 1450:3660 4990:-3660"
N418;2025-04-11;0.00;0;"Lagervärdesförändringar 2025-04-11";""
N420;2025-04-11;0.00;0;"Lagervärdesförändringar 2025-04-11";""
N421;2025-06-04;-543.76;39;"Lagervärdesförändringar 2025-06-04";"4990:1476 1450:-1476 4990:564 1450:-564 4990:492 1450:-492 4990:480 1450:-1200 4990:852.24 1450:-786 4990:568.5 1450:-568.5 4990:615 1450:-615 4990:567 1450:-567 4990:627 1450:-627 4990:504 1450:-504 4990:423 1450:-423 4990:423 1450:-423 4990:288 1450:-288 4990:333 1450:-333 4990:96 1450:-96 4990:208 1450:-208 4990:240 1450:-240 4990:139 1450:-139 4990:58 1450:-58 4990:110"
N422;2025-04-11;0.00;0;"Lagervärdesförändringar 2025-04-11";""
N425;2025-04-11;0.00;0;"Lagervärdesförändringar 2025-04-11";""
N426;2025-04-10;0.00;0;"Lagervärdesförändringar 2025-04-10";""
N429;2025-04-14;0.00;0;"Lagervärdesförändringar 2025-04-14";""
N430;2025-04-14;0.00;0;"Lagervärdesförändringar 2025-04-14";""
N431;2025-04-15;510.00;14;"Lagervärdesförändringar 2025-04-15";"1450:-600 4990:756 1450:-756 4990:726 1450:-726 4990:702 1450:-702 4990:468 1450:-468 4990:1110 4990:167.52 1450:-167.52 4990:264 1450:-264"
N433;2025-06-05;1488.00;12;"Lagervärdesförändringar 2025-06-05";"4990:804 1450:-804 4990:2220 1450:-732 4990:1032 1450:-1032 4990:398.88 1450:-398.88 4990:264 1450:-264 4990:366 1450:-366"
N434;2025-04-16;84.00;6;"Lagervärdesförändringar 2025-04-16";"1450:-2136 4990:2220 4990:336 1450:-336 4990:336 1450:-336"
N435;2025-05-30;0.00;0;"Lagervärdesförändringar 2025-05-30";""
N436;2025-04-16;-501.00;13;"Lagervärdesförändringar 2025-04-16";"4990:492 1450:-600 4990:426.12 1450:-426.12 1450:-393 4990:524.4 1450:-524.4 4990:568.5 1450:-568.5 4990:538.02 1450:-538.02 4990:605.82 1450:-605.82"
N438;2025-06-09;336.00;21;"Lagervärdesförändringar 2025-06-09";"4990:804 1450:-804 4990:3024 1450:-3024 4990:1614 1450:-1614 4990:1404 1450:-1404 4990:432 1450:-432 4990:2064 1450:-2064 4990:433.92 1450:-433.92 4990:598.32 1450:-598.32 4990:528 1450:-528 4990:336 1450:-336 4990:336"
N439;2025-04-16;0.00;0;"Lagervärdesförändringar 2025-04-16";""
N441;2025-06-10;-1308.00;13;"Lagervärdesförändringar 2025-06-10";"1450:-1200 4990:1440 1450:-1548 4990:82 1450:-82 4990:1944 1450:-1944 4990:264 1450:-264 4990:336 1450:-336 4990:336 1450:-336"
N443;2025-04-16;0.00;0;"Lagervärdesförändringar 2025-04-16";""
N444;2025-04-17;-756.00;1;"Lagervärdesförändringar 2025-04-17";"1450:-756"
N446;2025-04-17;1068.00;7;"Lagervärdesförändringar 2025-04-17";"4990:468 1450:-468 4990:804 1450:-804 4990:600 1450:-600 4990:1068"
N447;2025-06-11;0.00;0;"Lagervärdesförändringar 2025-06-11";""
N451;2025-06-10;-1198.02;21;"Lagervärdesförändringar 2025-06-10";"1450:-984 4990:564 1450:-564 4990:492 1450:-492 4990:600 1450:-600 4990:330 1450:-330 4990:324 1450:-538.02 4990:1008 1450:-1008 4990:288 1450:-288 4990:576 1450:-576 4990:278 1450:-278 4990:76 1450:-76"
N452;2025-04-22;0.00;0;"Lagervärdesförändringar 2025-04-22";""
N453;2025-04-22;-2064.00;24;"Lagervärdesförändringar 2025-04-22";"4990:1200 1450:-1200 4990:690 1450:-690 4990:690 1450:-690 4990:3024 1450:-3024 1450:-936 4990:654 1450:-3330 4990:732 1450:-732 4990:1548 4990:336 1450:-336 4990:336 1450:-336 4990:336 1450:-336 4990:336 1450:-336 4990:336 1450:-336"
N458;2025-04-23;0.00;0;"Lagervärdesförändringar 2025-04-23";""
N461;2025-06-16;7950.00;11;"Lagervärdesförändringar 2025-06-16";"1450:13176 4990:-13176 1450:3600 4990:-3600 1450:3720 4990:-3720 1450:17280 4990:-17280 1450:8400 4990:-8400 1450:7950"
N464;2025-06-10;336.00;15;"Lagervärdesförändringar 2025-06-10";"4990:402 1450:-402 4990:600 1450:-600 4990:1110 1450:-1110 4990:366 1450:-366 4990:2370 1450:-2370 4990:433.92 1450:-433.92 4990:199.44 1450:-199.44 4990:336"
N465;2025-04-23;0.00;0;"Lagervärdesförändringar 2025-04-23";""
N466;2025-04-24;7020.00;11;"Lagervärdesförändringar 2025-04-24";"1450:2340 4990:-2340 1450:4020 4990:-4020 1450:6000 4990:-6000 1450:5340 4990:-5340 1450:7020 1450:3660 4990:-3660"
N467;2025-06-17;-423.00;1;"Lagervärdesförändringar 2025-06-17";"1450:-423"
N468;2025-06-17;846.00;7;"Lagervärdesförändringar 2025-06-17";"4990:648 1450:-648 4990:1068 1450:-1068 4990:804 1450:-804 4990:846"
N469;2025-04-24;732.00;11;"Lagervärdesförändringar 2025-04-24";"4990:468 1450:-468 4990:402 1450:-402 4990:1200 1450:-1200 4990:1068 1450:-1068 4990:432 1450:-432 4990:732"
N472;2025-04-25;398.88;5;"Lagervärdesförändringar 2025-04-25";"4990:1110 1450:-1110 4990:1044 1450:-1044 4990:398.88"
N473;2025-06-17;-1209.00;6;"Lagervärdesförändringar 2025-06-17";"1450:-600 4990:756 1450:-756 4990:1068 1450:-1068 1450:-609"
N474;2025-04-29;-156.00;1;"Lagervärdesförändringar 2025-04-29";"4990:-156"
N475;2025-04-29;-540.88;11;"Lagervärdesförändringar 2025-04-29";"4990:492 1450:-492 4990:1048.8 1450:-1048.8 1450:-615 4990:573 1450:-573 4990:525 1450:-525 1450:-139 4990:213.12"
N477;2025-06-18;199.44;3;"Lagervärdesförändringar 2025-06-18";"4990:522 1450:-522 4990:199.44"
N479;2025-04-29;-468.00;24;"Lagervärdesförändringar 2025-04-29";"1450:-804 4990:1548 1450:-1548 4990:333.5 1450:-333.5 4990:156 1450:-156 4990:717 1450:-717 4990:492 1450:-492 4990:398.88 1450:-398.88 4990:264 1450:-264 4990:732 1450:-732 4990:336 1450:-336 4990:336 1450:-336 4990:336 4990:336 1450:-336"
N480;2025-06-18;4176.00;3;"Lagervärdesförändringar 2025-06-18";"1450:3510 4990:-3510 1450:4176"
N481;2025-04-30;219.12;14;"Lagervärdesförändringar 2025-04-30";"4990:468 1450:-468 4990:402 1450:-402 4990:1200 1450:-1200 4990:1110 1450:-1110 4990:618 1450:-398.88 4990:264 1450:-264 4990:336 1450:-336"
N482;2025-06-23;0.00;0;"Lagervärdesförändringar 2025-06-23";""
N483;2025-06-24;1188.00;23;"Lagervärdesförändringar 2025-06-24";"4990:468 1450:-468 4990:366 1450:-366 4990:1044 1450:-1044 4990:624 1450:-624 4990:1185 1450:-1185 4990:516 4990:165.5 1450:-165.5 4990:58 1450:-58 4990:598.32 1450:-598.32 4990:264 1450:-264 4990:336 4990:336 1450:-336 4990:336"
N484;2025-04-30;1185.00;9;"Lagervärdesförändringar 2025-04-30";"4990:1800 1450:-1800 4990:1098 1450:-1098 4990:1566 1450:-1566 4990:1185 4990:1950 1450:-1950"
N485;2025-06-18;-432.00;1;"Lagervärdesförändringar 2025-06-18";"1450:-432"
N486;2025-06-24;-67.92;16;"Lagervärdesförändringar 2025-06-24";"4990:804 1450:-804 4990:1200 1450:-1200 4990:432 1450:-432 4990:366 1450:-379.68 4990:379.68 1450:-433.92 4990:398.88 1450:-398.88 4990:336 1450:-336 4990:336 1450:-336"
N489;2025-05-06;0.00;0;"Lagervärdesförändringar 2025-05-06";""
N490;2025-05-06;-816.00;10;"Lagervärdesförändringar 2025-05-06";"4990:1200 1450:-1200 4990:648 1450:-648 4990:534 1450:-534 4990:1211.64 1450:-1211.64 4990:1152 1450:-1968"
N492;2025-06-24;-3984.00;23;"Lagervärdesförändringar 2025-06-24";"4990:804 1450:-804 1450:-3024 4990:4272 1450:-4272 4990:1452 1450:-1452 4990:2106 1450:-2106 4990:936 1450:-936 1450:-624 4990:1548 1450:-1548 4990:240 1450:-240 4990:398.88 1450:-398.88 4990:528 1450:-528 1450:-336 4990:336 1450:-336"
N493;2025-05-06;-278.00;37;"Lagervärdesförändringar 2025-05-06";"4990:984 1450:-984 4990:564 1450:-564 4990:492 1450:-492 4990:330 1450:-330 4990:216 1450:-216 4990:324 1450:-324 4990:642 1450:-642 4990:678 1450:-678 4990:534 1450:-534 4990:663 1450:-663 4990:524.4 1450:-524.4 1450:214 4990:-214 4990:492 1450:-492 4990:423 1450:-423 1450:-278 4990:118 1450:-118 4990:62 1450:-62 4990:76 1450:-76 4990:213.12 1450:-213.12"
N494;2025-06-26;-507.00;11;"Lagervärdesförändringar 2025-06-26";"1450:-507 4990:804 1450:-804 4990:379.68 1450:-379.68 4990:379.68 1450:-379.68 4990:379.68 1450:-379.68 4990:433.92 1450:-433.92"
N495;2025-05-06;-804.00;1;"Lagervärdesförändringar 2025-05-06";"1450:-804"
N497;2025-05-06;-330.00;1;"Lagervärdesförändringar 2025-05-06";"1450:-330"
N498;2025-07-02;5640.00;13;"Lagervärdesförändringar 2025-07-02";"1450:2340 4990:-8040 1450:3690 4990:-3690 1450:9000 4990:-9000 1450:1380 4990:-1380 1450:11340 1450:1380 4990:-1380 1450:5808 4990:-5808"
N500;2025-05-07;0.00;0;"Lagervärdesförändringar 2025-05-07";""
N501;2025-05-08;12510.00;11;"Lagervärdesförändringar 2025-05-08";"1450:2880 4990:-2880 1450:12510 1450:2400 4990:-2400 1450:2418 4990:-2418 1450:4608 4990:-4608 1450:1998 4990:-1998"
N502;2025-05-08;102.00;4;"Lagervärdesförändringar 2025-05-08";"4990:468 1450:-366 4990:189.84 1450:-189.84"
N504;2025-07-01;3388.44;29;"Lagervärdesförändringar 2025-07-01";"4990:936 1450:-936 4990:1800 1450:-1800 4990:3204 4990:1296 1450:-1296 4990:732 1450:-732 4990:2088 1450:-2088 4990:1521 1450:-1521 4990:516 1450:-348 4990:292 1450:-292 4990:199.44 1450:-183 4990:336 1450:-336 4990:336 1450:-336 4990:336 1450:-336 4990:336 1450:-336 4990:336 1450:-336"
N505;2025-05-08;-1014.00;1;"Lagervärdesförändringar 2025-05-08";"1450:-1014"
N506;2025-05-08;0.00;0;"Lagervärdesförändringar 2025-05-08";""
N507;2025-05-08;948.00;3;"Lagervärdesförändringar 2025-05-08";"4990:440 1450:-440 4990:948"
N509;2025-05-09;0.00;0;"Lagervärdesförändringar 2025-05-09";""
N510;2025-05-09;1284.00;4;"Lagervärdesförändringar 2025-05-09";"1450:-936 4990:2220 4990:1098 1450:-1098"
N511;2025-07-01;4041.00;14;"Lagervärdesförändringar 2025-07-01";"4990:804 1450:-804 4990:1800 4990:1452 1450:-1452 4990:1614 1450:-1614 4990:468 1450:-468 4990:2220 1450:-2220 4990:2424 1450:-732 4990:549"
N514;2025-07-02;624.00;27;"Lagervärdesförändringar 2025-07-02";"4990:1476 1450:-1476 4990:564 4990:684 1450:-684 4990:378 1450:-378 1450:300 4990:-300 4990:852.24 1450:-852.24 4990:330 1450:-330 4990:432 1450:-432 4990:648 1450:-648 4990:327 1450:-327 4990:393 1450:-333 4990:348 1450:-348 4990:556 1450:-556 4990:213.12 1450:-213.12"
N516;2025-05-12;0.00;0;"Lagervärdesförändringar 2025-05-12";""
N518;2025-05-13;-1232.88;20;"Lagervärdesförändringar 2025-05-13";"4990:390 1450:-390 4990:804 1450:-804 4990:600 1450:-2136 4990:2178 1450:-432 4990:468 1450:-2088 4990:576 1450:-398.88 4990:264 1450:-264 4990:336 1450:-336 4990:336 1450:-336 4990:336 1450:-336"
N521;2025-07-01;549.00;17;"Lagervärdesförändringar 2025-07-01";"4990:1206 1450:-1206 4990:600 1450:-600 4990:468 1450:-468 4990:366 1450:-366 4990:1044 1450:-1044 4990:507 1450:-507 4990:549 4990:220 1450:-220 4990:199.44 1450:-199.44"
N594;2025-08-08;732.00;21;"Lagervärdesförändringar 2025-08-08";"4990:402 1450:-402 4990:1200 1450:-1200 4990:2268 1450:-2268 4990:3204 1450:-3204 4990:2904 1450:-2904 4990:807 1450:-807 4990:2808 1450:-2808 4990:432 1450:-432 4990:1110 1450:-1110 4990:1212 1450:-1212 4990:732"